
Cadence Innovus(TM) Implementation System.
Copyright 2019 Cadence Design Systems, Inc. All rights reserved worldwide.

Version:	v19.10-p002_1, built Fri Apr 19 15:18:11 PDT 2019
Options:	-nowin -files /tmp/generate_all_dataset.tcl 
Date:		Sun Aug 16 19:14:43 2026
Host:		qingteng (x86_64 w/Linux 4.14.174) (4cores*4cpus*Intel(R) Xeon(R) Processor @ 2.90GHz 22528KB)
OS:		CentOS Linux release 7.9.2009 (Core)

License:
		invs	Innovus Implementation System	19.1	checkout succeeded
		8 CPU jobs allowed with the current license(s). Use setMultiCpuUsage to set your required CPU count.
**ERROR: (IMPOAX-142):	Could not open shared library libinnovusoax22.so : liboaDesign.so: cannot open shared object file: No such file or directory

**ERROR: (IMPOAX-142):	Could not open shared library libcdsSkillPcell.so : /opt/cadence/INNOVUS/tools.lnx86/lib/64bit/libcdsSkillPcell.so: undefined symbol: _ZTIN12OpenAccess_413oaFSComponentE

**ERROR: (IMPOAX-142):	OA features will be disabled in this session.

Create and set the environment variable TMPDIR to /tmp/innovus_temp_6094_qingteng_host_zEjSkI.

Change the soft stacksize limit to 0.2%RAM (15 mbytes). Set global soft_stack_size_limit to change the value.

**INFO:  MMMC transition support version v31-84 

Sourcing file "/tmp/generate_all_dataset.tcl" ...
#% Begin load design ... (date=08/16 19:14:51, mem=463.7M)
Set Default Input Pin Transition as 0.1 ps.
Loading design 'aes_cipher_top' saved by 'Innovus' '19.10-p002_1' on 'Fri Aug 14 19:37:26 2026'.
**ERROR: (IMPOAX-820):	The OA features are disabled in the current session of Innovus because the oax shared library could not be loaded properly. This could be because your installation was not properly configured. To enable OA features, exit the current session and re-launch Innovus either after fixing your installation by running the Configure Installation phase, or after setting the OA_HOME variable to point to a proper OA installation. Check the "OpenAccess Installation and Configuration Guide" manual for more information.

**ERROR: (IMPOAX-850):	oaxCreateCdsLibArray command cannot be run as OA features are disabled in this session.
% Begin Load MMMC data ... (date=08/16 19:14:51, mem=465.2M)
% End Load MMMC data ... (date=08/16 19:14:51, total cpu=0:00:00.0, real=0:00:00.0, peak res=465.5M, current mem=465.5M)

Loading LEF file /home/host/aes_baseline/outputs/aes_cts.enc.dat/libs/lef/NangateOpenCellLibrary.tech.lef ...

Loading LEF file /home/host/aes_baseline/outputs/aes_cts.enc.dat/libs/lef/NangateOpenCellLibrary.macro.mod.lef ...
Set DBUPerIGU to M2 pitch 380.

viaInitial starts at Sun Aug 16 19:14:51 2026
viaInitial ends at Sun Aug 16 19:14:51 2026

##  Check design process and node:  
##  Both design process and tech node are not set.

Loading view definition file from /home/host/aes_baseline/outputs/aes_cts.enc.dat/viewDefinition.tcl
Reading LIBSET_TYP timing library '/home/host/aes_baseline/outputs/aes_cts.enc.dat/libs/mmmc/NangateOpenCellLibrary_typical.lib' ...
**WARN: (TECHLIB-436):	Attribute 'max_fanout' on 'output/inout' pin 'ZN' of cell 'AND2_X1' is not defined in the library. (File /home/host/aes_baseline/outputs/aes_cts.enc.dat/libs/mmmc/NangateOpenCellLibrary_typical.lib)
**WARN: (TECHLIB-436):	Attribute 'max_fanout' on 'output/inout' pin 'ZN' of cell 'AND2_X2' is not defined in the library. (File /home/host/aes_baseline/outputs/aes_cts.enc.dat/libs/mmmc/NangateOpenCellLibrary_typical.lib)
**WARN: (TECHLIB-436):	Attribute 'max_fanout' on 'output/inout' pin 'ZN' of cell 'AND2_X4' is not defined in the library. (File /home/host/aes_baseline/outputs/aes_cts.enc.dat/libs/mmmc/NangateOpenCellLibrary_typical.lib)
**WARN: (TECHLIB-436):	Attribute 'max_fanout' on 'output/inout' pin 'ZN' of cell 'AND3_X1' is not defined in the library. (File /home/host/aes_baseline/outputs/aes_cts.enc.dat/libs/mmmc/NangateOpenCellLibrary_typical.lib)
**WARN: (TECHLIB-436):	Attribute 'max_fanout' on 'output/inout' pin 'ZN' of cell 'AND3_X2' is not defined in the library. (File /home/host/aes_baseline/outputs/aes_cts.enc.dat/libs/mmmc/NangateOpenCellLibrary_typical.lib)
**WARN: (TECHLIB-436):	Attribute 'max_fanout' on 'output/inout' pin 'ZN' of cell 'AND3_X4' is not defined in the library. (File /home/host/aes_baseline/outputs/aes_cts.enc.dat/libs/mmmc/NangateOpenCellLibrary_typical.lib)
**WARN: (TECHLIB-436):	Attribute 'max_fanout' on 'output/inout' pin 'ZN' of cell 'AND4_X1' is not defined in the library. (File /home/host/aes_baseline/outputs/aes_cts.enc.dat/libs/mmmc/NangateOpenCellLibrary_typical.lib)
**WARN: (TECHLIB-436):	Attribute 'max_fanout' on 'output/inout' pin 'ZN' of cell 'AND4_X2' is not defined in the library. (File /home/host/aes_baseline/outputs/aes_cts.enc.dat/libs/mmmc/NangateOpenCellLibrary_typical.lib)
**WARN: (TECHLIB-436):	Attribute 'max_fanout' on 'output/inout' pin 'ZN' of cell 'AND4_X4' is not defined in the library. (File /home/host/aes_baseline/outputs/aes_cts.enc.dat/libs/mmmc/NangateOpenCellLibrary_typical.lib)
**WARN: (TECHLIB-436):	Attribute 'max_fanout' on 'output/inout' pin 'ZN' of cell 'AOI21_X1' is not defined in the library. (File /home/host/aes_baseline/outputs/aes_cts.enc.dat/libs/mmmc/NangateOpenCellLibrary_typical.lib)
**WARN: (TECHLIB-436):	Attribute 'max_fanout' on 'output/inout' pin 'ZN' of cell 'AOI21_X2' is not defined in the library. (File /home/host/aes_baseline/outputs/aes_cts.enc.dat/libs/mmmc/NangateOpenCellLibrary_typical.lib)
**WARN: (TECHLIB-436):	Attribute 'max_fanout' on 'output/inout' pin 'ZN' of cell 'AOI21_X4' is not defined in the library. (File /home/host/aes_baseline/outputs/aes_cts.enc.dat/libs/mmmc/NangateOpenCellLibrary_typical.lib)
**WARN: (TECHLIB-436):	Attribute 'max_fanout' on 'output/inout' pin 'ZN' of cell 'AOI22_X1' is not defined in the library. (File /home/host/aes_baseline/outputs/aes_cts.enc.dat/libs/mmmc/NangateOpenCellLibrary_typical.lib)
**WARN: (TECHLIB-436):	Attribute 'max_fanout' on 'output/inout' pin 'ZN' of cell 'AOI22_X2' is not defined in the library. (File /home/host/aes_baseline/outputs/aes_cts.enc.dat/libs/mmmc/NangateOpenCellLibrary_typical.lib)
**WARN: (TECHLIB-436):	Attribute 'max_fanout' on 'output/inout' pin 'ZN' of cell 'AOI22_X4' is not defined in the library. (File /home/host/aes_baseline/outputs/aes_cts.enc.dat/libs/mmmc/NangateOpenCellLibrary_typical.lib)
**WARN: (TECHLIB-436):	Attribute 'max_fanout' on 'output/inout' pin 'ZN' of cell 'AOI211_X1' is not defined in the library. (File /home/host/aes_baseline/outputs/aes_cts.enc.dat/libs/mmmc/NangateOpenCellLibrary_typical.lib)
**WARN: (TECHLIB-436):	Attribute 'max_fanout' on 'output/inout' pin 'ZN' of cell 'AOI211_X2' is not defined in the library. (File /home/host/aes_baseline/outputs/aes_cts.enc.dat/libs/mmmc/NangateOpenCellLibrary_typical.lib)
**WARN: (TECHLIB-436):	Attribute 'max_fanout' on 'output/inout' pin 'ZN' of cell 'AOI211_X4' is not defined in the library. (File /home/host/aes_baseline/outputs/aes_cts.enc.dat/libs/mmmc/NangateOpenCellLibrary_typical.lib)
**WARN: (TECHLIB-436):	Attribute 'max_fanout' on 'output/inout' pin 'ZN' of cell 'AOI221_X1' is not defined in the library. (File /home/host/aes_baseline/outputs/aes_cts.enc.dat/libs/mmmc/NangateOpenCellLibrary_typical.lib)
**WARN: (TECHLIB-436):	Attribute 'max_fanout' on 'output/inout' pin 'ZN' of cell 'AOI221_X2' is not defined in the library. (File /home/host/aes_baseline/outputs/aes_cts.enc.dat/libs/mmmc/NangateOpenCellLibrary_typical.lib)
Message <TECHLIB-436> has exceeded the message display limit of '20'. Use 'set_message -no_limit -id list_of_msgIDs' to reset the message limit.
Read 135 cells in library 'NangateOpenCellLibrary' 
*** End library_loading (cpu=0.01min, real=0.02min, mem=29.9M, fe_cpu=0.24min, fe_real=0.17min, fe_mem=603.0M) ***
% Begin Load netlist data ... (date=08/16 19:14:52, mem=482.6M)
*** Begin netlist parsing (mem=603.0M) ***
**WARN: (IMPVL-159):	Pin 'Z' of cell 'LOGIC1_X1' is defined in LEF but not in the timing library.
**WARN: (IMPVL-159):	Pin 'Z' of cell 'LOGIC0_X1' is defined in LEF but not in the timing library.
Created 135 new cells from 1 timing libraries.
Reading netlist ...
Backslashed names will retain backslash and a trailing blank character.
Reading verilogBinary netlist '/home/host/aes_baseline/outputs/aes_cts.enc.dat/vbin/aes_cipher_top.v.bin'
Reading binary database version 2 in 1-threaded mode

*** Memory Usage v#1 (Current mem = 615.988M, initial mem = 270.344M) ***
*** End netlist parsing (cpu=0:00:00.0, real=0:00:00.0, mem=616.0M) ***
% End Load netlist data ... (date=08/16 19:14:52, total cpu=0:00:00.0, real=0:00:00.0, peak res=491.5M, current mem=491.5M)
Set top cell to aes_cipher_top.
**WARN: (IMPTS-124):	Timing library description of pin 'Z' is missing from cell 'LOGIC1_X1' in timing library 'NangateOpenCellLibrary'.
**WARN: (IMPTS-124):	Timing library description of pin 'Z' is missing from cell 'LOGIC0_X1' in timing library 'NangateOpenCellLibrary'.
Hooked 135 DB cells to tlib cells.
Starting recursive module instantiation check.
No recursion found.
Building hierarchical netlist for Cell aes_cipher_top ...
*** Netlist is unique.
** info: there are 136 modules.
** info: there are 11406 stdCell insts.

*** Memory Usage v#1 (Current mem = 648.902M, initial mem = 270.344M) ***
*info: set bottom ioPad orient R0
Generated pitch 1.68 in metal10 is different from 1.6 defined in technology file in preferred direction.
Generated pitch 0.84 in metal8 is different from 0.8 defined in technology file in preferred direction.
Generated pitch 0.84 in metal7 is different from 0.8 defined in technology file in preferred direction.
Set Default Net Delay as 1000 ps.
Set Default Net Load as 0.5 pF. 
Set Default Input Pin Transition as 0.1 ps.
Loading preference file /home/host/aes_baseline/outputs/aes_cts.enc.dat/gui.pref.tcl ...
##  Process: 45            (User Set)               
##     Node: (not set)                           

##  Check design process and node:  
##  Design tech node is not set.

Applying the recommended capacitance filtering threshold values for 45nm process node: total_c_th=0, relative_c_th=1 and coupling_c_th=0.1.
	These values will be used by all post-route extraction engines, including TQuantus, IQuantus and Quantus QRC extraction.
	Capacitance filtering mode(-capFilterMode option of the setExtractRCMode) is 'relAndCoup' for all engines.
	The accuracy mode for postRoute effortLevel low extraction will be set to 'high'.
	Default value for EffortLevel(-effortLevel option of the setExtractRCMode) in postRoute extraction mode will be 'medium' if Quantus QRC technology file is specified else 'low'.
*Info: initialize multi-corner CTS.
Reading timing constraints file '/home/host/aes_baseline/outputs/aes_cts.enc.dat/mmmc/modes/FUNC/FUNC.sdc' ...
Current (total cpu=0:00:15.1, real=0:00:09.0, peak res=661.4M, current mem=661.4M)
aes_cipher_top
INFO (CTE): Constraints read successfully.
Ending "Constraint file reading stats" (total cpu=0:00:00.1, real=0:00:00.0, peak res=680.9M, current mem=680.9M)
Current (total cpu=0:00:15.2, real=0:00:09.0, peak res=680.9M, current mem=680.9M)
Reading latency file '/home/host/aes_baseline/outputs/aes_cts.enc.dat/mmmc/views/VIEW_TYP/latency.sdc' ...
Total number of combinational cells: 100
Total number of sequential cells: 29
Total number of tristate cells: 6
Total number of level shifter cells: 0
Total number of power gating cells: 0
Total number of isolation cells: 0
Total number of power switch cells: 0
Total number of pulse generator cells: 0
Total number of always on buffers: 0
Total number of retention cells: 0
List of usable buffers: BUF_X1 BUF_X2 BUF_X4 BUF_X8 BUF_X16 BUF_X32 CLKBUF_X1 CLKBUF_X2 CLKBUF_X3
Total number of usable buffers: 9
List of unusable buffers:
Total number of unusable buffers: 0
List of usable inverters: INV_X1 INV_X2 INV_X4 INV_X8 INV_X16 INV_X32
Total number of usable inverters: 6
List of unusable inverters:
Total number of unusable inverters: 0
List of identified usable delay cells:
Total number of identified usable delay cells: 0
List of identified unusable delay cells:
Total number of identified unusable delay cells: 0
No delay cells were detected in the set of buffers. Buffers will be used to fix hold violations.
Reading floorplan file - /home/host/aes_baseline/outputs/aes_cts.enc.dat/aes_cipher_top.fp.gz (mem = 848.4M).
% Begin Load floorplan data ... (date=08/16 19:14:52, mem=703.6M)
*info: reset 12260 existing net BottomPreferredLayer and AvoidDetour
net ignore based on current view = 0
Deleting old partition specification.
Set FPlanBox to (0 0 355680 353920)
Generated pitch 1.68 in metal10 is different from 1.6 defined in technology file in preferred direction.
Generated pitch 0.84 in metal8 is different from 0.8 defined in technology file in preferred direction.
Generated pitch 0.84 in metal7 is different from 0.8 defined in technology file in preferred direction.
 ... processed partition successfully.
Reading binary special route file /home/host/aes_baseline/outputs/aes_cts.enc.dat/aes_cipher_top.fp.spr.gz (Created by Innovus v19.10-p002_1 on Fri Aug 14 19:37:24 2026, version: 1)
There are 20 nets with weight being set
There are 20 nets with bottomPreferredRoutingLayer being set
There are 20 nets with avoidDetour being set
Extracting standard cell pins and blockage ...... 
Pin and blockage extraction finished
Delete all existing relative floorplan constraints.
% End Load floorplan data ... (date=08/16 19:14:52, total cpu=0:00:00.0, real=0:00:00.0, peak res=707.2M, current mem=707.2M)
Reading congestion map file /home/host/aes_baseline/outputs/aes_cts.enc.dat/aes_cipher_top.route.congmap.gz ...
% Begin Load SymbolTable ... (date=08/16 19:14:52, mem=707.6M)
Suppress "**WARN ..." messages.
Un-suppress "**WARN ..." messages.
% End Load SymbolTable ... (date=08/16 19:14:52, total cpu=0:00:00.0, real=0:00:00.0, peak res=709.4M, current mem=709.4M)
Loading place ...
% Begin Load placement data ... (date=08/16 19:14:52, mem=709.4M)
Reading placement file - /home/host/aes_baseline/outputs/aes_cts.enc.dat/aes_cipher_top.place.gz.
** Reading stdCellPlacement_binary (Created by Innovus v19.10-p002_1 on Fri Aug 14 19:37:24 2026, version# 2) ...
Read Views for adaptive view pruning ...
Read 0 views from Binary DB for adaptive view pruning
*** Checked 2 GNC rules.
*** applyConnectGlobalNets disabled.
*** Completed restorePlace (cpu=0:00:00.0 real=0:00:01.0 mem=846.4M) ***
Total net length = 1.455e+05 (7.554e+04 6.999e+04) (ext = 1.016e+04)
% End Load placement data ... (date=08/16 19:14:53, total cpu=0:00:00.0, real=0:00:01.0, peak res=711.4M, current mem=711.2M)
Reading PG file /home/host/aes_baseline/outputs/aes_cts.enc.dat/aes_cipher_top.pg.gz
*** Completed restorePGFile (cpu=0:00:00.0 real=0:00:00.0 mem=842.4M) ***
% Begin Load routing data ... (date=08/16 19:14:53, mem=711.5M)
Reading routing file - /home/host/aes_baseline/outputs/aes_cts.enc.dat/aes_cipher_top.route.gz.
Reading Innovus routing data (Created by Innovus v19.10-p002_1 on Fri Aug 14 19:37:24 2026 Format: 19.1) ...
*** Total 12229 nets are successfully restored.
*** Completed restoreRoute (cpu=0:00:00.1 real=0:00:00.0 mem=854.4M) ***
% End Load routing data ... (date=08/16 19:14:53, total cpu=0:00:00.1, real=0:00:00.0, peak res=727.0M, current mem=726.0M)
TAT_INFO: restoreCongMap REAL = 0 : CPU = 0 : MEM = 0.
Reading property file /home/host/aes_baseline/outputs/aes_cts.enc.dat/aes_cipher_top.prop
Extracting macro/IO cell pins and blockage ...... 
Pin and blockage extraction finished
*** Completed restoreProperty (cpu=0:00:00.0 real=0:00:00.0 mem=860.4M) ***
Set Default Input Pin Transition as 0.1 ps.
Extraction setup Started 
Initializing multi-corner RC extraction with 1 active RC Corners ...
Reading Capacitance Table File /home/host/aes_baseline/outputs/aes_cts.enc.dat/libs/mmmc/NangateOpenCellLibrary.captable ...
Cap table was created using Encounter 08.10-p004_1.
Process name: master_techFreePDK45.
Importing multi-corner RC tables ... 
Summary of Active RC-Corners : 
 
 Analysis View: VIEW_TYP
    RC-Corner Name        : RC_TYP
    RC-Corner Index       : 0
    RC-Corner Temperature : 25 Celsius
    RC-Corner Cap Table   : '/home/host/aes_baseline/outputs/aes_cts.enc.dat/libs/mmmc/NangateOpenCellLibrary.captable'
    RC-Corner PreRoute Res Factor         : 1
    RC-Corner PreRoute Cap Factor         : 1
    RC-Corner PostRoute Res Factor        : 1 {1 1 1}
    RC-Corner PostRoute Cap Factor        : 1 {1 1 1}
    RC-Corner PostRoute XCap Factor       : 1 {1 1 1}
    RC-Corner PreRoute Clock Res Factor   : 1	[Derived from postRoute_res (effortLevel low)]
    RC-Corner PreRoute Clock Cap Factor   : 1	[Derived from postRoute_cap (effortLevel low)]
    RC-Corner PostRoute Clock Cap Factor  : 1 {1 1 1} 	[Derived from postRoute_cap (effortLevel low)]
    RC-Corner PostRoute Clock Res Factor  : 1 {1 1 1} 	[Derived from postRoute_res (effortLevel low)]
Updating RC grid for preRoute extraction ...
Initializing multi-corner capacitance tables ... 
Initializing multi-corner resistance tables ...
Loading rc congestion map /home/host/aes_baseline/outputs/aes_cts.enc.dat/aes_cipher_top.congmap.gz ...
Start generating vias ...
#Skip building auto via since it is not turned on.
Via generation completed.
% Begin Load power constraints ... (date=08/16 19:14:53, mem=753.8M)
source /home/host/aes_baseline/outputs/aes_cts.enc.dat/aes_cipher_top_power_constraints.tcl
'set_default_switching_activity' finished successfully.
% End Load power constraints ... (date=08/16 19:14:53, total cpu=0:00:00.0, real=0:00:00.0, peak res=754.3M, current mem=754.3M)
% Begin load AAE data ... (date=08/16 19:14:53, mem=754.3M)
AAE DB initialization (MEM=899.34 CPU=0:00:00.1 REAL=0:00:00.0) 
% End load AAE data ... (date=08/16 19:14:54, total cpu=0:00:00.4, real=0:00:01.0, peak res=761.0M, current mem=761.0M)
Restoring CCOpt config...
  Extracting original clock gating for aes_clk...
    clock_tree aes_clk contains 562 sinks and 0 clock gates.
    Extraction for aes_clk complete.
  Extracting original clock gating for aes_clk done.
  The skew group aes_clk/FUNC was created. It contains 562 sinks and 1 sources.
  The skew group aes_clk/FUNC was created. It contains 562 sinks and 1 sources.
Restoring CCOpt config done.
Total number of combinational cells: 100
Total number of sequential cells: 29
Total number of tristate cells: 6
Total number of level shifter cells: 0
Total number of power gating cells: 0
Total number of isolation cells: 0
Total number of power switch cells: 0
Total number of pulse generator cells: 0
Total number of always on buffers: 0
Total number of retention cells: 0
List of usable buffers: BUF_X1 BUF_X2 BUF_X4 BUF_X8 BUF_X16 BUF_X32 CLKBUF_X1 CLKBUF_X2 CLKBUF_X3
Total number of usable buffers: 9
List of unusable buffers:
Total number of unusable buffers: 0
List of usable inverters: INV_X1 INV_X2 INV_X4 INV_X8 INV_X16 INV_X32
Total number of usable inverters: 6
List of unusable inverters:
Total number of unusable inverters: 0
List of identified usable delay cells:
Total number of identified usable delay cells: 0
List of identified unusable delay cells:
Total number of identified unusable delay cells: 0
No delay cells were detected in the set of buffers. Buffers will be used to fix hold violations.
**WARN: (IMPCTE-107):	The following globals have been obsoleted since version 19.10-p002_1. They will be removed in the next release. 
timing_enable_default_delay_arc
#% End load design ... (date=08/16 19:14:54, total cpu=0:00:02.3, real=0:00:03.0, peak res=766.2M, current mem=765.6M)

*** Summary of all messages that are not suppressed in this session:
Severity  ID               Count  Summary                                  
WARNING   IMPTS-124            2  Timing library description of pin '%s' i...
WARNING   IMPVL-159            2  Pin '%s' of cell '%s' is defined in LEF ...
ERROR     IMPOAX-820           1  The OA features are disabled in the curr...
ERROR     IMPOAX-850           1  %s command cannot be run as OA features ...
WARNING   IMPCTE-107           1  The following globals have been obsolete...
WARNING   TECHLIB-436         20  Attribute '%s' on '%s' pin '%s' of cell ...
*** Message Summary: 25 warning(s), 2 error(s)

**WARN: (TCLCMD-1131):	'The -max_points parameter of the report_timing command is obsolete. The timing engine will map it to -max_paths parameter. For future releases, you should remove this parameter from your scripts.'
**WARN: (TCLCMD-1131):	'The -max_points parameter of the report_timing command is obsolete. The timing engine will map it to -max_paths parameter. For future releases, you should remove this parameter from your scripts.'
DATASET_STAGE aes_cts STATUS available
#% Begin load design ... (date=08/16 19:14:59, mem=826.4M)
**WARN: (TCLCMD-1131):	'The software has performed a full/partial timing reset. All existing timing path and timing point collection references have been invalidated and may no longer be referenced.'
##  Process: 90            (User Set)               
##     Node: (not set)                           

##  Check design process and node:  
##  Design tech node is not set.

Free PSO.
Reset cap table.
Cleaning up the current multi-corner RC extraction setup.
**WARN: (IMPCK-8086):	The command setCTSMode is obsolete and will be removed in the next release. This command still works in this release, but by the next release you must transition to the CCOpt-based CTS flow.
**ERROR: (IMPOAX-820):	The OA features are disabled in the current session of Innovus because the oax shared library could not be loaded properly. This could be because your installation was not properly configured. To enable OA features, exit the current session and re-launch Innovus either after fixing your installation by running the Configure Installation phase, or after setting the OA_HOME variable to point to a proper OA installation. Check the "OpenAccess Installation and Configuration Guide" manual for more information.

**ERROR: (IMPOAX-850):	oaxCleanupData command cannot be run as OA features are disabled in this session.
Set DBUPerIGU to 1000.
Set net toggle Scale Factor to 1.00
Set Shrink Factor to 1.00000
Set net toggle Scale Factor to 1.00
Set Shrink Factor to 1.00000

*** Memory Usage v#1 (Current mem = 746.148M, initial mem = 270.344M) ***


Info (SM2C): Status of key globals:
	 MMMC-by-default flow     : 1
	 Default MMMC objs envvar : 0
	 Data portability         : 0
	 MMMC PV Emulation        : 0
	 MMMC debug               : 0
	 Init_Design flow         : 1


	 CTE SM2C global          : false
	 Reporting view filter    : false
Set Default Input Pin Transition as 0.1 ps.
Loading design 'aes_cipher_top' saved by 'Innovus' '19.10-p002_1' on 'Fri Aug 14 19:36:50 2026'.
**ERROR: (IMPOAX-820):	The OA features are disabled in the current session of Innovus because the oax shared library could not be loaded properly. This could be because your installation was not properly configured. To enable OA features, exit the current session and re-launch Innovus either after fixing your installation by running the Configure Installation phase, or after setting the OA_HOME variable to point to a proper OA installation. Check the "OpenAccess Installation and Configuration Guide" manual for more information.

**ERROR: (IMPOAX-850):	oaxCreateCdsLibArray command cannot be run as OA features are disabled in this session.
% Begin Load MMMC data ... (date=08/16 19:14:59, mem=585.5M)
% End Load MMMC data ... (date=08/16 19:14:59, total cpu=0:00:00.0, real=0:00:00.0, peak res=585.5M, current mem=585.5M)

Loading LEF file /home/host/aes_baseline/outputs/aes_cts_raw.enc.dat/libs/lef/NangateOpenCellLibrary.tech.lef ...

Loading LEF file /home/host/aes_baseline/outputs/aes_cts_raw.enc.dat/libs/lef/NangateOpenCellLibrary.macro.mod.lef ...
Set DBUPerIGU to M2 pitch 380.

viaInitial starts at Sun Aug 16 19:14:59 2026
viaInitial ends at Sun Aug 16 19:14:59 2026

##  Check design process and node:  
##  Design tech node is not set.

Loading view definition file from /home/host/aes_baseline/outputs/aes_cts_raw.enc.dat/viewDefinition.tcl
Reading LIBSET_TYP timing library '/home/host/aes_baseline/outputs/aes_cts_raw.enc.dat/libs/mmmc/NangateOpenCellLibrary_typical.lib' ...
Read 135 cells in library 'NangateOpenCellLibrary' 
*** End library_loading (cpu=0.00min, real=0.02min, mem=11.0M, fe_cpu=0.37min, fe_real=0.30min, fe_mem=759.3M) ***
% Begin Load netlist data ... (date=08/16 19:15:00, mem=585.8M)
*** Begin netlist parsing (mem=759.3M) ***
**WARN: (IMPVL-159):	Pin 'Z' of cell 'LOGIC1_X1' is defined in LEF but not in the timing library.
**WARN: (IMPVL-159):	Pin 'Z' of cell 'LOGIC0_X1' is defined in LEF but not in the timing library.
Created 135 new cells from 1 timing libraries.
Reading netlist ...
Backslashed names will retain backslash and a trailing blank character.
Reading verilogBinary netlist '/home/host/aes_baseline/outputs/aes_cts_raw.enc.dat/vbin/aes_cipher_top.v.bin'
Reading binary database version 2 in 1-threaded mode

*** Memory Usage v#1 (Current mem = 768.254M, initial mem = 270.344M) ***
*** End netlist parsing (cpu=0:00:00.0, real=0:00:00.0, mem=768.3M) ***
% End Load netlist data ... (date=08/16 19:15:00, total cpu=0:00:00.0, real=0:00:00.0, peak res=589.6M, current mem=589.6M)
Set top cell to aes_cipher_top.
**WARN: (IMPTS-124):	Timing library description of pin 'Z' is missing from cell 'LOGIC1_X1' in timing library 'NangateOpenCellLibrary'.
**WARN: (IMPTS-124):	Timing library description of pin 'Z' is missing from cell 'LOGIC0_X1' in timing library 'NangateOpenCellLibrary'.
Hooked 135 DB cells to tlib cells.
Starting recursive module instantiation check.
No recursion found.
Building hierarchical netlist for Cell aes_cipher_top ...
*** Netlist is unique.
** info: there are 136 modules.
** info: there are 10720 stdCell insts.

*** Memory Usage v#1 (Current mem = 756.254M, initial mem = 270.344M) ***
*info: set bottom ioPad orient R0
Generated pitch 1.68 in metal10 is different from 1.6 defined in technology file in preferred direction.
Generated pitch 0.84 in metal8 is different from 0.8 defined in technology file in preferred direction.
Generated pitch 0.84 in metal7 is different from 0.8 defined in technology file in preferred direction.
Set Default Net Delay as 1000 ps.
Set Default Net Load as 0.5 pF. 
Set Default Input Pin Transition as 0.1 ps.
Loading preference file /home/host/aes_baseline/outputs/aes_cts_raw.enc.dat/gui.pref.tcl ...
##  Process: 45            (User Set)               
##     Node: (not set)                           

##  Check design process and node:  
##  Design tech node is not set.

Applying the recommended capacitance filtering threshold values for 45nm process node: total_c_th=0, relative_c_th=1 and coupling_c_th=0.1.
	These values will be used by all post-route extraction engines, including TQuantus, IQuantus and Quantus QRC extraction.
	Capacitance filtering mode(-capFilterMode option of the setExtractRCMode) is 'relAndCoup' for all engines.
	The accuracy mode for postRoute effortLevel low extraction will be set to 'high'.
	Default value for EffortLevel(-effortLevel option of the setExtractRCMode) in postRoute extraction mode will be 'medium' if Quantus QRC technology file is specified else 'low'.
**WARN: analysis view VIEW_TYP not found, use default_view_setup
Extraction setup Started 
Initializing multi-corner RC extraction with 1 active RC Corners ...
Reading Capacitance Table File /home/host/aes_baseline/outputs/aes_cts_raw.enc.dat/libs/mmmc/NangateOpenCellLibrary.captable ...
Cap table was created using Encounter 08.10-p004_1.
Process name: master_techFreePDK45.
Importing multi-corner RC tables ... 
Summary of Active RC-Corners : 
 
 Analysis View: VIEW_TYP
    RC-Corner Name        : RC_TYP
    RC-Corner Index       : 0
    RC-Corner Temperature : 25 Celsius
    RC-Corner Cap Table   : '/home/host/aes_baseline/outputs/aes_cts_raw.enc.dat/libs/mmmc/NangateOpenCellLibrary.captable'
    RC-Corner PreRoute Res Factor         : 1
    RC-Corner PreRoute Cap Factor         : 1
    RC-Corner PostRoute Res Factor        : 1 {1 1 1}
    RC-Corner PostRoute Cap Factor        : 1 {1 1 1}
    RC-Corner PostRoute XCap Factor       : 1 {1 1 1}
    RC-Corner PreRoute Clock Res Factor   : 1	[Derived from postRoute_res (effortLevel low)]
    RC-Corner PreRoute Clock Cap Factor   : 1	[Derived from postRoute_cap (effortLevel low)]
    RC-Corner PostRoute Clock Cap Factor  : 1 {1 1 1} 	[Derived from postRoute_cap (effortLevel low)]
    RC-Corner PostRoute Clock Res Factor  : 1 {1 1 1} 	[Derived from postRoute_res (effortLevel low)]
Updating RC grid for preRoute extraction ...
Initializing multi-corner capacitance tables ... 
Initializing multi-corner resistance tables ...
*Info: initialize multi-corner CTS.
Reading timing constraints file '/home/host/aes_baseline/outputs/aes_cts_raw.enc.dat/mmmc/modes/FUNC/FUNC.sdc' ...
Current (total cpu=0:00:22.6, real=0:00:17.0, peak res=828.7M, current mem=755.1M)
aes_cipher_top
INFO (CTE): Constraints read successfully.
Ending "Constraint file reading stats" (total cpu=0:00:00.1, real=0:00:00.0, peak res=765.4M, current mem=765.4M)
Current (total cpu=0:00:22.7, real=0:00:17.0, peak res=828.7M, current mem=765.4M)
Reading latency file '/home/host/aes_baseline/outputs/aes_cts_raw.enc.dat/mmmc/views/VIEW_TYP/latency.sdc' ...
Total number of combinational cells: 100
Total number of sequential cells: 29
Total number of tristate cells: 6
Total number of level shifter cells: 0
Total number of power gating cells: 0
Total number of isolation cells: 0
Total number of power switch cells: 0
Total number of pulse generator cells: 0
Total number of always on buffers: 0
Total number of retention cells: 0
List of usable buffers: BUF_X1 BUF_X2 BUF_X4 BUF_X8 BUF_X16 BUF_X32 CLKBUF_X1 CLKBUF_X2 CLKBUF_X3
Total number of usable buffers: 9
List of unusable buffers:
Total number of unusable buffers: 0
List of usable inverters: INV_X1 INV_X2 INV_X4 INV_X8 INV_X16 INV_X32
Total number of usable inverters: 6
List of unusable inverters:
Total number of unusable inverters: 0
List of identified usable delay cells:
Total number of identified usable delay cells: 0
List of identified unusable delay cells:
Total number of identified unusable delay cells: 0
No delay cells were detected in the set of buffers. Buffers will be used to fix hold violations.
Reading floorplan file - /home/host/aes_baseline/outputs/aes_cts_raw.enc.dat/aes_cipher_top.fp.gz (mem = 911.9M).
% Begin Load floorplan data ... (date=08/16 19:15:00, mem=766.0M)
*info: reset 11574 existing net BottomPreferredLayer and AvoidDetour
Deleting old partition specification.
Set FPlanBox to (0 0 355680 353920)
Generated pitch 1.68 in metal10 is different from 1.6 defined in technology file in preferred direction.
Generated pitch 0.84 in metal8 is different from 0.8 defined in technology file in preferred direction.
Generated pitch 0.84 in metal7 is different from 0.8 defined in technology file in preferred direction.
 ... processed partition successfully.
Reading binary special route file /home/host/aes_baseline/outputs/aes_cts_raw.enc.dat/aes_cipher_top.fp.spr.gz (Created by Innovus v19.10-p002_1 on Fri Aug 14 19:36:49 2026, version: 1)
There are 20 nets with weight being set
There are 20 nets with bottomPreferredRoutingLayer being set
There are 20 nets with avoidDetour being set
Extracting standard cell pins and blockage ...... 
Pin and blockage extraction finished
Delete all existing relative floorplan constraints.
% End Load floorplan data ... (date=08/16 19:15:00, total cpu=0:00:00.1, real=0:00:00.0, peak res=767.6M, current mem=767.6M)
Reading congestion map file /home/host/aes_baseline/outputs/aes_cts_raw.enc.dat/aes_cipher_top.route.congmap.gz ...
% Begin Load SymbolTable ... (date=08/16 19:15:00, mem=767.9M)
Suppress "**WARN ..." messages.
Un-suppress "**WARN ..." messages.
% End Load SymbolTable ... (date=08/16 19:15:01, total cpu=0:00:00.0, real=0:00:01.0, peak res=769.3M, current mem=769.3M)
Loading place ...
% Begin Load placement data ... (date=08/16 19:15:01, mem=769.3M)
Reading placement file - /home/host/aes_baseline/outputs/aes_cts_raw.enc.dat/aes_cipher_top.place.gz.
** Reading stdCellPlacement_binary (Created by Innovus v19.10-p002_1 on Fri Aug 14 19:36:49 2026, version# 2) ...
Read Views for adaptive view pruning ...
Read 0 views from Binary DB for adaptive view pruning
*** Checked 2 GNC rules.
*** applyConnectGlobalNets disabled.
*** Completed restorePlace (cpu=0:00:00.0 real=0:00:00.0 mem=908.9M) ***
Total net length = 1.434e+05 (7.433e+04 6.907e+04) (ext = 1.020e+04)
% End Load placement data ... (date=08/16 19:15:01, total cpu=0:00:00.0, real=0:00:00.0, peak res=770.3M, current mem=770.3M)
Reading PG file /home/host/aes_baseline/outputs/aes_cts_raw.enc.dat/aes_cipher_top.pg.gz
*** Completed restorePGFile (cpu=0:00:00.0 real=0:00:00.0 mem=905.9M) ***
% Begin Load routing data ... (date=08/16 19:15:01, mem=770.5M)
Reading routing file - /home/host/aes_baseline/outputs/aes_cts_raw.enc.dat/aes_cipher_top.route.gz.
Reading Innovus routing data (Created by Innovus v19.10-p002_1 on Fri Aug 14 19:36:49 2026 Format: 19.1) ...
*** Total 11543 nets are successfully restored.
*** Completed restoreRoute (cpu=0:00:00.1 real=0:00:00.0 mem=905.9M) ***
% End Load routing data ... (date=08/16 19:15:01, total cpu=0:00:00.1, real=0:00:00.0, peak res=784.2M, current mem=784.2M)
TAT_INFO: restoreCongMap REAL = 1 : CPU = 0 : MEM = 0.
Reading property file /home/host/aes_baseline/outputs/aes_cts_raw.enc.dat/aes_cipher_top.prop
Extracting macro/IO cell pins and blockage ...... 
Pin and blockage extraction finished
*** Completed restoreProperty (cpu=0:00:00.0 real=0:00:00.0 mem=910.9M) ***
Set Default Input Pin Transition as 0.1 ps.
Updating RC grid for preRoute extraction ...
Initializing multi-corner capacitance tables ... 
Initializing multi-corner resistance tables ...
Loading rc congestion map /home/host/aes_baseline/outputs/aes_cts_raw.enc.dat/aes_cipher_top.congmap.gz ...
Start generating vias ...
#Skip building auto via since it is not turned on.
Via generation completed.
% Begin Load power constraints ... (date=08/16 19:15:02, mem=788.6M)
source /home/host/aes_baseline/outputs/aes_cts_raw.enc.dat/aes_cipher_top_power_constraints.tcl
'set_default_switching_activity' finished successfully.
% End Load power constraints ... (date=08/16 19:15:02, total cpu=0:00:00.0, real=0:00:00.0, peak res=788.6M, current mem=788.6M)
% Begin load AAE data ... (date=08/16 19:15:02, mem=788.6M)
AAE DB initialization (MEM=926.957 CPU=0:00:00.2 REAL=0:00:00.0) 
% End load AAE data ... (date=08/16 19:15:02, total cpu=0:00:00.2, real=0:00:00.0, peak res=790.0M, current mem=790.0M)
Restoring CCOpt config...
  Extracting original clock gating for aes_clk...
    clock_tree aes_clk contains 562 sinks and 0 clock gates.
    Extraction for aes_clk complete.
  Extracting original clock gating for aes_clk done.
  The skew group aes_clk/FUNC was created. It contains 562 sinks and 1 sources.
  The skew group aes_clk/FUNC was created. It contains 562 sinks and 1 sources.
Restoring CCOpt config done.
Total number of combinational cells: 100
Total number of sequential cells: 29
Total number of tristate cells: 6
Total number of level shifter cells: 0
Total number of power gating cells: 0
Total number of isolation cells: 0
Total number of power switch cells: 0
Total number of pulse generator cells: 0
Total number of always on buffers: 0
Total number of retention cells: 0
List of usable buffers: BUF_X1 BUF_X2 BUF_X4 BUF_X8 BUF_X16 BUF_X32 CLKBUF_X1 CLKBUF_X2 CLKBUF_X3
Total number of usable buffers: 9
List of unusable buffers:
Total number of unusable buffers: 0
List of usable inverters: INV_X1 INV_X2 INV_X4 INV_X8 INV_X16 INV_X32
Total number of usable inverters: 6
List of unusable inverters:
Total number of unusable inverters: 0
List of identified usable delay cells:
Total number of identified usable delay cells: 0
List of identified unusable delay cells:
Total number of identified unusable delay cells: 0
No delay cells were detected in the set of buffers. Buffers will be used to fix hold violations.
**WARN: (IMPCTE-107):	The following globals have been obsoleted since version 19.10-p002_1. They will be removed in the next release. 
timing_enable_default_delay_arc
#% End load design ... (date=08/16 19:15:02, total cpu=0:00:02.3, real=0:00:03.0, peak res=826.4M, current mem=790.1M)

*** Summary of all messages that are not suppressed in this session:
Severity  ID               Count  Summary                                  
WARNING   IMPTS-124            2  Timing library description of pin '%s' i...
WARNING   IMPCK-8086           1  The command %s is obsolete and will be r...
WARNING   IMPVL-159            2  Pin '%s' of cell '%s' is defined in LEF ...
ERROR     IMPOAX-820           2  The OA features are disabled in the curr...
ERROR     IMPOAX-850           2  %s command cannot be run as OA features ...
WARNING   IMPCTE-107           1  The following globals have been obsolete...
WARNING   TCLCMD-1131          1  '%s'                                     
*** Message Summary: 7 warning(s), 4 error(s)

**WARN: (TCLCMD-1131):	'The -max_points parameter of the report_timing command is obsolete. The timing engine will map it to -max_paths parameter. For future releases, you should remove this parameter from your scripts.'
**WARN: (TCLCMD-1131):	'The -max_points parameter of the report_timing command is obsolete. The timing engine will map it to -max_paths parameter. For future releases, you should remove this parameter from your scripts.'
DATASET_STAGE aes_cts_raw STATUS available
#% Begin load design ... (date=08/16 19:15:06, mem=837.5M)
**WARN: (TCLCMD-1131):	'The software has performed a full/partial timing reset. All existing timing path and timing point collection references have been invalidated and may no longer be referenced.'
##  Process: 90            (User Set)               
##     Node: (not set)                           

##  Check design process and node:  
##  Design tech node is not set.

Free PSO.
Reset cap table.
Cleaning up the current multi-corner RC extraction setup.
**WARN: (IMPCK-8086):	The command setCTSMode is obsolete and will be removed in the next release. This command still works in this release, but by the next release you must transition to the CCOpt-based CTS flow.
**ERROR: (IMPOAX-820):	The OA features are disabled in the current session of Innovus because the oax shared library could not be loaded properly. This could be because your installation was not properly configured. To enable OA features, exit the current session and re-launch Innovus either after fixing your installation by running the Configure Installation phase, or after setting the OA_HOME variable to point to a proper OA installation. Check the "OpenAccess Installation and Configuration Guide" manual for more information.

**ERROR: (IMPOAX-850):	oaxCleanupData command cannot be run as OA features are disabled in this session.
Set DBUPerIGU to 1000.
Set net toggle Scale Factor to 1.00
Set Shrink Factor to 1.00000
Set net toggle Scale Factor to 1.00
Set Shrink Factor to 1.00000

*** Memory Usage v#1 (Current mem = 771.117M, initial mem = 270.344M) ***


Info (SM2C): Status of key globals:
	 MMMC-by-default flow     : 1
	 Default MMMC objs envvar : 0
	 Data portability         : 0
	 MMMC PV Emulation        : 0
	 MMMC debug               : 0
	 Init_Design flow         : 1


	 CTE SM2C global          : false
	 Reporting view filter    : false
Set Default Input Pin Transition as 0.1 ps.
Loading design 'aes_cipher_top' saved by 'Innovus' '19.10-p002_1' on 'Fri Aug 14 18:51:14 2026'.
**ERROR: (IMPOAX-820):	The OA features are disabled in the current session of Innovus because the oax shared library could not be loaded properly. This could be because your installation was not properly configured. To enable OA features, exit the current session and re-launch Innovus either after fixing your installation by running the Configure Installation phase, or after setting the OA_HOME variable to point to a proper OA installation. Check the "OpenAccess Installation and Configuration Guide" manual for more information.

**ERROR: (IMPOAX-850):	oaxCreateCdsLibArray command cannot be run as OA features are disabled in this session.
% Begin Load MMMC data ... (date=08/16 19:15:07, mem=594.8M)
% End Load MMMC data ... (date=08/16 19:15:07, total cpu=0:00:00.0, real=0:00:00.0, peak res=594.8M, current mem=594.8M)

Loading LEF file /home/host/aes_baseline/outputs/aes_floorplan.enc.dat/libs/lef/NangateOpenCellLibrary.tech.lef ...

Loading LEF file /home/host/aes_baseline/outputs/aes_floorplan.enc.dat/libs/lef/NangateOpenCellLibrary.macro.mod.lef ...
Set DBUPerIGU to M2 pitch 380.

viaInitial starts at Sun Aug 16 19:15:07 2026
viaInitial ends at Sun Aug 16 19:15:07 2026

##  Check design process and node:  
##  Design tech node is not set.

Loading view definition file from /home/host/aes_baseline/outputs/aes_floorplan.enc.dat/viewDefinition.tcl
Reading LIBSET_TYP timing library '/home/host/aes_baseline/outputs/aes_floorplan.enc.dat/libs/mmmc/NangateOpenCellLibrary_typical.lib' ...
Read 135 cells in library 'NangateOpenCellLibrary' 
*** End library_loading (cpu=0.00min, real=0.00min, mem=10.0M, fe_cpu=0.49min, fe_real=0.42min, fe_mem=783.2M) ***
% Begin Load netlist data ... (date=08/16 19:15:07, mem=592.7M)
*** Begin netlist parsing (mem=783.2M) ***
**WARN: (IMPVL-159):	Pin 'Z' of cell 'LOGIC1_X1' is defined in LEF but not in the timing library.
**WARN: (IMPVL-159):	Pin 'Z' of cell 'LOGIC0_X1' is defined in LEF but not in the timing library.
Created 135 new cells from 1 timing libraries.
Reading netlist ...
Backslashed names will retain backslash and a trailing blank character.
Reading verilogBinary netlist '/home/host/aes_baseline/outputs/aes_floorplan.enc.dat/aes_cipher_top.v.bin'
Reading binary database version 2 in 1-threaded mode

*** Memory Usage v#1 (Current mem = 789.223M, initial mem = 270.344M) ***
*** End netlist parsing (cpu=0:00:00.0, real=0:00:00.0, mem=789.2M) ***
% End Load netlist data ... (date=08/16 19:15:07, total cpu=0:00:00.0, real=0:00:00.0, peak res=597.0M, current mem=597.0M)
Set top cell to aes_cipher_top.
**WARN: (IMPTS-124):	Timing library description of pin 'Z' is missing from cell 'LOGIC1_X1' in timing library 'NangateOpenCellLibrary'.
**WARN: (IMPTS-124):	Timing library description of pin 'Z' is missing from cell 'LOGIC0_X1' in timing library 'NangateOpenCellLibrary'.
Hooked 135 DB cells to tlib cells.
Starting recursive module instantiation check.
No recursion found.
Building hierarchical netlist for Cell aes_cipher_top ...
*** Netlist is unique.
** info: there are 136 modules.
** info: there are 9995 stdCell insts.

*** Memory Usage v#1 (Current mem = 781.223M, initial mem = 270.344M) ***
*info: set bottom ioPad orient R0
Generated pitch 1.68 in metal10 is different from 1.6 defined in technology file in preferred direction.
Generated pitch 0.84 in metal8 is different from 0.8 defined in technology file in preferred direction.
Generated pitch 0.84 in metal7 is different from 0.8 defined in technology file in preferred direction.
Set Default Net Delay as 1000 ps.
Set Default Net Load as 0.5 pF. 
Set Default Input Pin Transition as 0.1 ps.
Loading preference file /home/host/aes_baseline/outputs/aes_floorplan.enc.dat/gui.pref.tcl ...
**WARN: analysis view VIEW_TYP not found, use default_view_setup
**WARN: analysis view VIEW_TYP not found, use default_view_setup
Extraction setup Started 
Initializing multi-corner RC extraction with 1 active RC Corners ...
Reading Capacitance Table File /home/host/aes_baseline/outputs/aes_floorplan.enc.dat/libs/mmmc/NangateOpenCellLibrary.captable ...
Cap table was created using Encounter 08.10-p004_1.
Process name: master_techFreePDK45.
Importing multi-corner RC tables ... 
Summary of Active RC-Corners : 
 
 Analysis View: VIEW_TYP
    RC-Corner Name        : RC_TYP
    RC-Corner Index       : 0
    RC-Corner Temperature : 25 Celsius
    RC-Corner Cap Table   : '/home/host/aes_baseline/outputs/aes_floorplan.enc.dat/libs/mmmc/NangateOpenCellLibrary.captable'
    RC-Corner PreRoute Res Factor         : 1
    RC-Corner PreRoute Cap Factor         : 1
    RC-Corner PostRoute Res Factor        : 1 {1 1 1}
    RC-Corner PostRoute Cap Factor        : 1 {1 1 1}
    RC-Corner PostRoute XCap Factor       : 1 {1 1 1}
    RC-Corner PreRoute Clock Res Factor   : 1	[Derived from postRoute_res (effortLevel low)]
    RC-Corner PreRoute Clock Cap Factor   : 1	[Derived from postRoute_cap (effortLevel low)]
    RC-Corner PostRoute Clock Cap Factor  : 1 {1 1 1} 	[Derived from postRoute_cap (effortLevel low)]
    RC-Corner PostRoute Clock Res Factor  : 1 {1 1 1} 	[Derived from postRoute_res (effortLevel low)]
Updating RC grid for preRoute extraction ...
Initializing multi-corner capacitance tables ... 
Initializing multi-corner resistance tables ...
*Info: initialize multi-corner CTS.
Reading timing constraints file '/home/host/aes_baseline/outputs/aes_floorplan.enc.dat/libs/mmmc/aes.sdc' ...
Current (total cpu=0:00:29.5, real=0:00:25.0, peak res=840.3M, current mem=748.5M)
INFO (CTE): Constraints read successfully.
Ending "Constraint file reading stats" (total cpu=0:00:00.0, real=0:00:00.0, peak res=758.6M, current mem=758.6M)
Current (total cpu=0:00:29.6, real=0:00:25.0, peak res=840.3M, current mem=758.6M)
Total number of combinational cells: 100
Total number of sequential cells: 29
Total number of tristate cells: 6
Total number of level shifter cells: 0
Total number of power gating cells: 0
Total number of isolation cells: 0
Total number of power switch cells: 0
Total number of pulse generator cells: 0
Total number of always on buffers: 0
Total number of retention cells: 0
List of usable buffers: BUF_X1 BUF_X2 BUF_X4 BUF_X8 BUF_X16 BUF_X32 CLKBUF_X1 CLKBUF_X2 CLKBUF_X3
Total number of usable buffers: 9
List of unusable buffers:
Total number of unusable buffers: 0
List of usable inverters: INV_X1 INV_X2 INV_X4 INV_X8 INV_X16 INV_X32
Total number of usable inverters: 6
List of unusable inverters:
Total number of unusable inverters: 0
List of identified usable delay cells:
Total number of identified usable delay cells: 0
List of identified unusable delay cells:
Total number of identified unusable delay cells: 0
No delay cells were detected in the set of buffers. Buffers will be used to fix hold violations.
Reading floorplan file - /home/host/aes_baseline/outputs/aes_floorplan.enc.dat/aes_cipher_top.fp.gz (mem = 935.5M).
% Begin Load floorplan data ... (date=08/16 19:15:08, mem=759.0M)
*info: reset 10849 existing net BottomPreferredLayer and AvoidDetour
Deleting old partition specification.
Set FPlanBox to (0 0 355680 353920)
Generated pitch 1.68 in metal10 is different from 1.6 defined in technology file in preferred direction.
Generated pitch 0.84 in metal8 is different from 0.8 defined in technology file in preferred direction.
Generated pitch 0.84 in metal7 is different from 0.8 defined in technology file in preferred direction.
 ... processed partition successfully.
Reading binary special route file /home/host/aes_baseline/outputs/aes_floorplan.enc.dat/aes_cipher_top.fp.spr.gz (Created by Innovus v19.10-p002_1 on Fri Aug 14 18:51:12 2026, version: 1)
Extracting standard cell pins and blockage ...... 
Pin and blockage extraction finished
Delete all existing relative floorplan constraints.
% End Load floorplan data ... (date=08/16 19:15:08, total cpu=0:00:00.1, real=0:00:00.0, peak res=759.4M, current mem=759.4M)
Reading congestion map file /home/host/aes_baseline/outputs/aes_floorplan.enc.dat/aes_cipher_top.route.congmap.gz ...
% Begin Load SymbolTable ... (date=08/16 19:15:08, mem=759.7M)
% End Load SymbolTable ... (date=08/16 19:15:08, total cpu=0:00:00.0, real=0:00:00.0, peak res=760.6M, current mem=760.6M)
Loading place ...
% Begin Load placement data ... (date=08/16 19:15:08, mem=760.6M)
Reading placement file - /home/host/aes_baseline/outputs/aes_floorplan.enc.dat/aes_cipher_top.place.gz.
** Reading stdCellPlacement_binary (Created by Innovus v19.10-p002_1 on Fri Aug 14 18:51:12 2026, version# 2) ...
Read Views for adaptive view pruning ...
Read 0 views from Binary DB for adaptive view pruning
*** Completed restorePlace (cpu=0:00:00.0 real=0:00:00.0 mem=932.5M) ***
Total net length = 1.082e+01 (5.408e+00 5.408e+00) (ext = 3.880e-01)
% End Load placement data ... (date=08/16 19:15:08, total cpu=0:00:00.0, real=0:00:00.0, peak res=760.6M, current mem=760.6M)
Reading PG file /home/host/aes_baseline/outputs/aes_floorplan.enc.dat/aes_cipher_top.pg.gz
*** Completed restorePGFile (cpu=0:00:00.0 real=0:00:00.0 mem=929.5M) ***
% Begin Load routing data ... (date=08/16 19:15:08, mem=760.8M)
Reading routing file - /home/host/aes_baseline/outputs/aes_floorplan.enc.dat/aes_cipher_top.route.gz.
Reading Innovus routing data (Created by Innovus v19.10-p002_1 on Fri Aug 14 18:51:13 2026 Format: 19.1) ...
*** Total 10818 nets are successfully restored.
*** Completed restoreRoute (cpu=0:00:00.0 real=0:00:00.0 mem=929.5M) ***
% End Load routing data ... (date=08/16 19:15:08, total cpu=0:00:00.0, real=0:00:00.0, peak res=761.3M, current mem=761.3M)
TAT_INFO: restoreCongMap REAL = 0 : CPU = 0 : MEM = 0.
Reading property file /home/host/aes_baseline/outputs/aes_floorplan.enc.dat/aes_cipher_top.prop
*** Completed restoreProperty (cpu=0:00:00.0 real=0:00:00.0 mem=934.5M) ***
Set Default Input Pin Transition as 0.1 ps.
Updating RC grid for preRoute extraction ...
Initializing multi-corner capacitance tables ... 
Initializing multi-corner resistance tables ...
Start generating vias ...
#Skip building auto via since it is not turned on.
Via generation completed.
% Begin Load power constraints ... (date=08/16 19:15:09, mem=763.4M)
source /home/host/aes_baseline/outputs/aes_floorplan.enc.dat/aes_cipher_top_power_constraints.tcl
% End Load power constraints ... (date=08/16 19:15:09, total cpu=0:00:00.0, real=0:00:00.0, peak res=763.4M, current mem=763.4M)
% Begin load AAE data ... (date=08/16 19:15:09, mem=763.4M)
**WARN: (IMPESI-621):	Timing window restoration data eosdb.dat not found. PBA-SI results may not match in save/restore flow.
% End load AAE data ... (date=08/16 19:15:09, total cpu=0:00:00.0, real=0:00:00.0, peak res=763.4M, current mem=763.4M)
Total number of combinational cells: 100
Total number of sequential cells: 29
Total number of tristate cells: 6
Total number of level shifter cells: 0
Total number of power gating cells: 0
Total number of isolation cells: 0
Total number of power switch cells: 0
Total number of pulse generator cells: 0
Total number of always on buffers: 0
Total number of retention cells: 0
List of usable buffers: BUF_X1 BUF_X2 BUF_X4 BUF_X8 BUF_X16 BUF_X32 CLKBUF_X1 CLKBUF_X2 CLKBUF_X3
Total number of usable buffers: 9
List of unusable buffers:
Total number of unusable buffers: 0
List of usable inverters: INV_X1 INV_X2 INV_X4 INV_X8 INV_X16 INV_X32
Total number of usable inverters: 6
List of unusable inverters:
Total number of unusable inverters: 0
List of identified usable delay cells:
Total number of identified usable delay cells: 0
List of identified unusable delay cells:
Total number of identified unusable delay cells: 0
No delay cells were detected in the set of buffers. Buffers will be used to fix hold violations.
**WARN: (IMPCTE-107):	The following globals have been obsoleted since version 19.10-p002_1. They will be removed in the next release. 
timing_enable_default_delay_arc
#% End load design ... (date=08/16 19:15:09, total cpu=0:00:01.7, real=0:00:03.0, peak res=837.5M, current mem=763.1M)

*** Summary of all messages that are not suppressed in this session:
Severity  ID               Count  Summary                                  
WARNING   IMPTS-124            2  Timing library description of pin '%s' i...
WARNING   IMPCK-8086           1  The command %s is obsolete and will be r...
WARNING   IMPVL-159            2  Pin '%s' of cell '%s' is defined in LEF ...
WARNING   IMPESI-621           1  Timing window restoration data eosdb.dat...
ERROR     IMPOAX-820           2  The OA features are disabled in the curr...
ERROR     IMPOAX-850           2  %s command cannot be run as OA features ...
WARNING   IMPCTE-107           1  The following globals have been obsolete...
WARNING   TCLCMD-1131          1  '%s'                                     
*** Message Summary: 8 warning(s), 4 error(s)

**WARN: (TCLCMD-1131):	'The -max_points parameter of the report_timing command is obsolete. The timing engine will map it to -max_paths parameter. For future releases, you should remove this parameter from your scripts.'
**WARN: (TCLCMD-1131):	'The -max_points parameter of the report_timing command is obsolete. The timing engine will map it to -max_paths parameter. For future releases, you should remove this parameter from your scripts.'
DATASET_STAGE aes_floorplan STATUS available
#% Begin load design ... (date=08/16 19:15:12, mem=810.6M)
Free PSO.
Reset cap table.
Cleaning up the current multi-corner RC extraction setup.
**WARN: (TCLCMD-1131):	'The software has performed a full/partial timing reset. All existing timing path and timing point collection references have been invalidated and may no longer be referenced.'
**WARN: (IMPCK-8086):	The command setCTSMode is obsolete and will be removed in the next release. This command still works in this release, but by the next release you must transition to the CCOpt-based CTS flow.
**ERROR: (IMPOAX-820):	The OA features are disabled in the current session of Innovus because the oax shared library could not be loaded properly. This could be because your installation was not properly configured. To enable OA features, exit the current session and re-launch Innovus either after fixing your installation by running the Configure Installation phase, or after setting the OA_HOME variable to point to a proper OA installation. Check the "OpenAccess Installation and Configuration Guide" manual for more information.

**ERROR: (IMPOAX-850):	oaxCleanupData command cannot be run as OA features are disabled in this session.
Set DBUPerIGU to 1000.
Set net toggle Scale Factor to 1.00
Set Shrink Factor to 1.00000
Set net toggle Scale Factor to 1.00
Set Shrink Factor to 1.00000

*** Memory Usage v#1 (Current mem = 785.480M, initial mem = 270.344M) ***


Info (SM2C): Status of key globals:
	 MMMC-by-default flow     : 1
	 Default MMMC objs envvar : 0
	 Data portability         : 0
	 MMMC PV Emulation        : 0
	 MMMC debug               : 0
	 Init_Design flow         : 1


	 CTE SM2C global          : false
	 Reporting view filter    : false
Set Default Input Pin Transition as 0.1 ps.
Loading design 'aes_cipher_top' saved by 'Innovus' '19.10-p002_1' on 'Fri Aug 14 18:50:18 2026'.
**ERROR: (IMPOAX-820):	The OA features are disabled in the current session of Innovus because the oax shared library could not be loaded properly. This could be because your installation was not properly configured. To enable OA features, exit the current session and re-launch Innovus either after fixing your installation by running the Configure Installation phase, or after setting the OA_HOME variable to point to a proper OA installation. Check the "OpenAccess Installation and Configuration Guide" manual for more information.

**ERROR: (IMPOAX-850):	oaxCreateCdsLibArray command cannot be run as OA features are disabled in this session.
% Begin Load MMMC data ... (date=08/16 19:15:13, mem=597.0M)
% End Load MMMC data ... (date=08/16 19:15:13, total cpu=0:00:00.0, real=0:00:00.0, peak res=597.0M, current mem=597.0M)

Loading LEF file /home/host/aes_baseline/outputs/aes_init.enc.dat/libs/lef/NangateOpenCellLibrary.tech.lef ...

Loading LEF file /home/host/aes_baseline/outputs/aes_init.enc.dat/libs/lef/NangateOpenCellLibrary.macro.mod.lef ...
Set DBUPerIGU to M2 pitch 380.

viaInitial starts at Sun Aug 16 19:15:13 2026
viaInitial ends at Sun Aug 16 19:15:13 2026

##  Check design process and node:  
##  Design tech node is not set.

Loading view definition file from /home/host/aes_baseline/outputs/aes_init.enc.dat/viewDefinition.tcl
Reading LIBSET_TYP timing library '/home/host/aes_baseline/outputs/aes_init.enc.dat/libs/mmmc/NangateOpenCellLibrary_typical.lib' ...
Read 135 cells in library 'NangateOpenCellLibrary' 
*** End library_loading (cpu=0.00min, real=0.00min, mem=9.0M, fe_cpu=0.57min, fe_real=0.52min, fe_mem=796.6M) ***
% Begin Load netlist data ... (date=08/16 19:15:13, mem=596.5M)
*** Begin netlist parsing (mem=796.6M) ***
**WARN: (IMPVL-159):	Pin 'Z' of cell 'LOGIC1_X1' is defined in LEF but not in the timing library.
**WARN: (IMPVL-159):	Pin 'Z' of cell 'LOGIC0_X1' is defined in LEF but not in the timing library.
Created 135 new cells from 1 timing libraries.
Reading netlist ...
Backslashed names will retain backslash and a trailing blank character.
Reading verilogBinary netlist '/home/host/aes_baseline/outputs/aes_init.enc.dat/aes_cipher_top.v.bin'
Reading binary database version 2 in 1-threaded mode

*** Memory Usage v#1 (Current mem = 802.586M, initial mem = 270.344M) ***
*** End netlist parsing (cpu=0:00:00.0, real=0:00:00.0, mem=802.6M) ***
% End Load netlist data ... (date=08/16 19:15:13, total cpu=0:00:00.0, real=0:00:00.0, peak res=601.4M, current mem=601.4M)
Set top cell to aes_cipher_top.
**WARN: (IMPTS-124):	Timing library description of pin 'Z' is missing from cell 'LOGIC1_X1' in timing library 'NangateOpenCellLibrary'.
**WARN: (IMPTS-124):	Timing library description of pin 'Z' is missing from cell 'LOGIC0_X1' in timing library 'NangateOpenCellLibrary'.
Hooked 135 DB cells to tlib cells.
Starting recursive module instantiation check.
No recursion found.
Building hierarchical netlist for Cell aes_cipher_top ...
*** Netlist is unique.
** info: there are 136 modules.
** info: there are 9995 stdCell insts.

*** Memory Usage v#1 (Current mem = 794.586M, initial mem = 270.344M) ***
*info: set bottom ioPad orient R0
Generated pitch 1.68 in metal10 is different from 1.6 defined in technology file in preferred direction.
Generated pitch 0.84 in metal8 is different from 0.8 defined in technology file in preferred direction.
Generated pitch 0.84 in metal7 is different from 0.8 defined in technology file in preferred direction.
Set Default Net Delay as 1000 ps.
Set Default Net Load as 0.5 pF. 
Set Default Input Pin Transition as 0.1 ps.
Loading preference file /home/host/aes_baseline/outputs/aes_init.enc.dat/gui.pref.tcl ...
**WARN: analysis view VIEW_TYP not found, use default_view_setup
**WARN: analysis view VIEW_TYP not found, use default_view_setup
**WARN: analysis view VIEW_TYP not found, use default_view_setup
Extraction setup Started 
Initializing multi-corner RC extraction with 1 active RC Corners ...
Reading Capacitance Table File /home/host/aes_baseline/outputs/aes_init.enc.dat/libs/mmmc/NangateOpenCellLibrary.captable ...
Cap table was created using Encounter 08.10-p004_1.
Process name: master_techFreePDK45.
Importing multi-corner RC tables ... 
Summary of Active RC-Corners : 
 
 Analysis View: VIEW_TYP
    RC-Corner Name        : RC_TYP
    RC-Corner Index       : 0
    RC-Corner Temperature : 25 Celsius
    RC-Corner Cap Table   : '/home/host/aes_baseline/outputs/aes_init.enc.dat/libs/mmmc/NangateOpenCellLibrary.captable'
    RC-Corner PreRoute Res Factor         : 1
    RC-Corner PreRoute Cap Factor         : 1
    RC-Corner PostRoute Res Factor        : 1 {1 1 1}
    RC-Corner PostRoute Cap Factor        : 1 {1 1 1}
    RC-Corner PostRoute XCap Factor       : 1 {1 1 1}
    RC-Corner PreRoute Clock Res Factor   : 1	[Derived from postRoute_res (effortLevel low)]
    RC-Corner PreRoute Clock Cap Factor   : 1	[Derived from postRoute_cap (effortLevel low)]
    RC-Corner PostRoute Clock Cap Factor  : 1 {1 1 1} 	[Derived from postRoute_cap (effortLevel low)]
    RC-Corner PostRoute Clock Res Factor  : 1 {1 1 1} 	[Derived from postRoute_res (effortLevel low)]
Updating RC grid for preRoute extraction ...
Initializing multi-corner capacitance tables ... 
Initializing multi-corner resistance tables ...
*Info: initialize multi-corner CTS.
Reading timing constraints file '/home/host/aes_baseline/outputs/aes_init.enc.dat/libs/mmmc/aes.sdc' ...
Current (total cpu=0:00:34.8, real=0:00:30.0, peak res=840.3M, current mem=753.2M)
INFO (CTE): Constraints read successfully.
Ending "Constraint file reading stats" (total cpu=0:00:00.0, real=0:00:00.0, peak res=763.4M, current mem=763.4M)
Current (total cpu=0:00:34.9, real=0:00:30.0, peak res=840.3M, current mem=763.4M)
Total number of combinational cells: 100
Total number of sequential cells: 29
Total number of tristate cells: 6
Total number of level shifter cells: 0
Total number of power gating cells: 0
Total number of isolation cells: 0
Total number of power switch cells: 0
Total number of pulse generator cells: 0
Total number of always on buffers: 0
Total number of retention cells: 0
List of usable buffers: BUF_X1 BUF_X2 BUF_X4 BUF_X8 BUF_X16 BUF_X32 CLKBUF_X1 CLKBUF_X2 CLKBUF_X3
Total number of usable buffers: 9
List of unusable buffers:
Total number of unusable buffers: 0
List of usable inverters: INV_X1 INV_X2 INV_X4 INV_X8 INV_X16 INV_X32
Total number of usable inverters: 6
List of unusable inverters:
Total number of unusable inverters: 0
List of identified usable delay cells:
Total number of identified usable delay cells: 0
List of identified unusable delay cells:
Total number of identified unusable delay cells: 0
No delay cells were detected in the set of buffers. Buffers will be used to fix hold violations.
Reading floorplan file - /home/host/aes_baseline/outputs/aes_init.enc.dat/aes_cipher_top.fp.gz (mem = 943.9M).
% Begin Load floorplan data ... (date=08/16 19:15:13, mem=763.9M)
*info: reset 10849 existing net BottomPreferredLayer and AvoidDetour
Deleting old partition specification.
Set FPlanBox to (0 0 280350 277200)
Generated pitch 1.68 in metal10 is different from 1.6 defined in technology file in preferred direction.
Generated pitch 0.84 in metal8 is different from 0.8 defined in technology file in preferred direction.
Generated pitch 0.84 in metal7 is different from 0.8 defined in technology file in preferred direction.
 ... processed partition successfully.
Reading binary special route file /home/host/aes_baseline/outputs/aes_init.enc.dat/aes_cipher_top.fp.spr.gz (Created by Innovus v19.10-p002_1 on Fri Aug 14 18:50:16 2026, version: 1)
Extracting standard cell pins and blockage ...... 
Pin and blockage extraction finished
Delete all existing relative floorplan constraints.
% End Load floorplan data ... (date=08/16 19:15:14, total cpu=0:00:00.1, real=0:00:01.0, peak res=764.5M, current mem=764.5M)
Reading congestion map file /home/host/aes_baseline/outputs/aes_init.enc.dat/aes_cipher_top.route.congmap.gz ...
% Begin Load SymbolTable ... (date=08/16 19:15:14, mem=764.6M)
% End Load SymbolTable ... (date=08/16 19:15:14, total cpu=0:00:00.0, real=0:00:00.0, peak res=765.6M, current mem=765.6M)
Loading place ...
% Begin Load placement data ... (date=08/16 19:15:14, mem=765.6M)
Reading placement file - /home/host/aes_baseline/outputs/aes_init.enc.dat/aes_cipher_top.place.gz.
** Reading stdCellPlacement_binary (Created by Innovus v19.10-p002_1 on Fri Aug 14 18:50:16 2026, version# 2) ...
Read Views for adaptive view pruning ...
Read 0 views from Binary DB for adaptive view pruning
*** Completed restorePlace (cpu=0:00:00.0 real=0:00:00.0 mem=940.9M) ***
Total net length = 1.082e+01 (5.408e+00 5.408e+00) (ext = 3.880e-01)
% End Load placement data ... (date=08/16 19:15:14, total cpu=0:00:00.0, real=0:00:00.0, peak res=765.6M, current mem=765.6M)
Reading PG file /home/host/aes_baseline/outputs/aes_init.enc.dat/aes_cipher_top.pg.gz
*** Completed restorePGFile (cpu=0:00:00.0 real=0:00:00.0 mem=937.9M) ***
% Begin Load routing data ... (date=08/16 19:15:14, mem=765.8M)
Reading routing file - /home/host/aes_baseline/outputs/aes_init.enc.dat/aes_cipher_top.route.gz.
Reading Innovus routing data (Created by Innovus v19.10-p002_1 on Fri Aug 14 18:50:16 2026 Format: 19.1) ...
*** Total 10818 nets are successfully restored.
*** Completed restoreRoute (cpu=0:00:00.0 real=0:00:00.0 mem=937.9M) ***
% End Load routing data ... (date=08/16 19:15:14, total cpu=0:00:00.0, real=0:00:00.0, peak res=766.0M, current mem=766.0M)
TAT_INFO: restoreCongMap REAL = 0 : CPU = 0 : MEM = 0.
Reading property file /home/host/aes_baseline/outputs/aes_init.enc.dat/aes_cipher_top.prop
*** Completed restoreProperty (cpu=0:00:00.0 real=0:00:00.0 mem=942.9M) ***
Set Default Input Pin Transition as 0.1 ps.
Updating RC grid for preRoute extraction ...
Initializing multi-corner capacitance tables ... 
Initializing multi-corner resistance tables ...
Start generating vias ...
#Skip building auto via since it is not turned on.
Via generation completed.
% Begin Load power constraints ... (date=08/16 19:15:14, mem=767.8M)
source /home/host/aes_baseline/outputs/aes_init.enc.dat/aes_cipher_top_power_constraints.tcl
% End Load power constraints ... (date=08/16 19:15:14, total cpu=0:00:00.0, real=0:00:00.0, peak res=767.8M, current mem=767.8M)
% Begin load AAE data ... (date=08/16 19:15:14, mem=767.8M)
**WARN: (IMPESI-621):	Timing window restoration data eosdb.dat not found. PBA-SI results may not match in save/restore flow.
% End load AAE data ... (date=08/16 19:15:14, total cpu=0:00:00.0, real=0:00:00.0, peak res=767.8M, current mem=767.8M)
Total number of combinational cells: 100
Total number of sequential cells: 29
Total number of tristate cells: 6
Total number of level shifter cells: 0
Total number of power gating cells: 0
Total number of isolation cells: 0
Total number of power switch cells: 0
Total number of pulse generator cells: 0
Total number of always on buffers: 0
Total number of retention cells: 0
List of usable buffers: BUF_X1 BUF_X2 BUF_X4 BUF_X8 BUF_X16 BUF_X32 CLKBUF_X1 CLKBUF_X2 CLKBUF_X3
Total number of usable buffers: 9
List of unusable buffers:
Total number of unusable buffers: 0
List of usable inverters: INV_X1 INV_X2 INV_X4 INV_X8 INV_X16 INV_X32
Total number of usable inverters: 6
List of unusable inverters:
Total number of unusable inverters: 0
List of identified usable delay cells:
Total number of identified usable delay cells: 0
List of identified unusable delay cells:
Total number of identified unusable delay cells: 0
No delay cells were detected in the set of buffers. Buffers will be used to fix hold violations.
**WARN: (IMPCTE-107):	The following globals have been obsoleted since version 19.10-p002_1. They will be removed in the next release. 
timing_enable_default_delay_arc
#% End load design ... (date=08/16 19:15:14, total cpu=0:00:01.6, real=0:00:02.0, peak res=810.6M, current mem=767.5M)

*** Summary of all messages that are not suppressed in this session:
Severity  ID               Count  Summary                                  
WARNING   IMPTS-124            2  Timing library description of pin '%s' i...
WARNING   IMPCK-8086           1  The command %s is obsolete and will be r...
WARNING   IMPVL-159            2  Pin '%s' of cell '%s' is defined in LEF ...
WARNING   IMPESI-621           1  Timing window restoration data eosdb.dat...
ERROR     IMPOAX-820           2  The OA features are disabled in the curr...
ERROR     IMPOAX-850           2  %s command cannot be run as OA features ...
WARNING   IMPCTE-107           1  The following globals have been obsolete...
WARNING   TCLCMD-1131          1  '%s'                                     
*** Message Summary: 8 warning(s), 4 error(s)

**WARN: (TCLCMD-1131):	'The -max_points parameter of the report_timing command is obsolete. The timing engine will map it to -max_paths parameter. For future releases, you should remove this parameter from your scripts.'
**WARN: (TCLCMD-1131):	'The -max_points parameter of the report_timing command is obsolete. The timing engine will map it to -max_paths parameter. For future releases, you should remove this parameter from your scripts.'
DATASET_STAGE aes_init STATUS available
#% Begin load design ... (date=08/16 19:15:18, mem=817.7M)
Free PSO.
Reset cap table.
Cleaning up the current multi-corner RC extraction setup.
**WARN: (TCLCMD-1131):	'The software has performed a full/partial timing reset. All existing timing path and timing point collection references have been invalidated and may no longer be referenced.'
**WARN: (IMPCK-8086):	The command setCTSMode is obsolete and will be removed in the next release. This command still works in this release, but by the next release you must transition to the CCOpt-based CTS flow.
**ERROR: (IMPOAX-820):	The OA features are disabled in the current session of Innovus because the oax shared library could not be loaded properly. This could be because your installation was not properly configured. To enable OA features, exit the current session and re-launch Innovus either after fixing your installation by running the Configure Installation phase, or after setting the OA_HOME variable to point to a proper OA installation. Check the "OpenAccess Installation and Configuration Guide" manual for more information.

**ERROR: (IMPOAX-850):	oaxCleanupData command cannot be run as OA features are disabled in this session.
Set DBUPerIGU to 1000.
Set net toggle Scale Factor to 1.00
Set Shrink Factor to 1.00000
Set net toggle Scale Factor to 1.00
Set Shrink Factor to 1.00000

*** Memory Usage v#1 (Current mem = 799.270M, initial mem = 270.344M) ***


Info (SM2C): Status of key globals:
	 MMMC-by-default flow     : 1
	 Default MMMC objs envvar : 0
	 Data portability         : 0
	 MMMC PV Emulation        : 0
	 MMMC debug               : 0
	 Init_Design flow         : 1


	 CTE SM2C global          : false
	 Reporting view filter    : false
Set Default Input Pin Transition as 0.1 ps.
Loading design 'aes_cipher_top' saved by 'Innovus' '19.10-p002_1' on 'Fri Aug 14 18:51:49 2026'.
**ERROR: (IMPOAX-820):	The OA features are disabled in the current session of Innovus because the oax shared library could not be loaded properly. This could be because your installation was not properly configured. To enable OA features, exit the current session and re-launch Innovus either after fixing your installation by running the Configure Installation phase, or after setting the OA_HOME variable to point to a proper OA installation. Check the "OpenAccess Installation and Configuration Guide" manual for more information.

**ERROR: (IMPOAX-850):	oaxCreateCdsLibArray command cannot be run as OA features are disabled in this session.
% Begin Load MMMC data ... (date=08/16 19:15:18, mem=606.0M)
% End Load MMMC data ... (date=08/16 19:15:18, total cpu=0:00:00.0, real=0:00:00.0, peak res=606.0M, current mem=606.0M)

Loading LEF file /home/host/aes_baseline/outputs/aes_pins_taps.enc.dat/libs/lef/NangateOpenCellLibrary.tech.lef ...

Loading LEF file /home/host/aes_baseline/outputs/aes_pins_taps.enc.dat/libs/lef/NangateOpenCellLibrary.macro.mod.lef ...
Set DBUPerIGU to M2 pitch 380.

viaInitial starts at Sun Aug 16 19:15:18 2026
viaInitial ends at Sun Aug 16 19:15:18 2026

##  Check design process and node:  
##  Design tech node is not set.

Loading view definition file from /home/host/aes_baseline/outputs/aes_pins_taps.enc.dat/viewDefinition.tcl
Reading LIBSET_TYP timing library '/home/host/aes_baseline/outputs/aes_pins_taps.enc.dat/libs/mmmc/NangateOpenCellLibrary_typical.lib' ...
Read 135 cells in library 'NangateOpenCellLibrary' 
*** End library_loading (cpu=0.00min, real=0.02min, mem=9.0M, fe_cpu=0.66min, fe_real=0.62min, fe_mem=810.4M) ***
% Begin Load netlist data ... (date=08/16 19:15:19, mem=605.2M)
*** Begin netlist parsing (mem=810.4M) ***
**WARN: (IMPVL-159):	Pin 'Z' of cell 'LOGIC1_X1' is defined in LEF but not in the timing library.
**WARN: (IMPVL-159):	Pin 'Z' of cell 'LOGIC0_X1' is defined in LEF but not in the timing library.
Created 135 new cells from 1 timing libraries.
Reading netlist ...
Backslashed names will retain backslash and a trailing blank character.
Reading verilogBinary netlist '/home/host/aes_baseline/outputs/aes_pins_taps.enc.dat/aes_cipher_top.v.bin'
Reading binary database version 2 in 1-threaded mode

*** Memory Usage v#1 (Current mem = 816.375M, initial mem = 270.344M) ***
*** End netlist parsing (cpu=0:00:00.0, real=0:00:00.0, mem=816.4M) ***
% End Load netlist data ... (date=08/16 19:15:19, total cpu=0:00:00.0, real=0:00:00.0, peak res=610.3M, current mem=610.3M)
Set top cell to aes_cipher_top.
**WARN: (IMPTS-124):	Timing library description of pin 'Z' is missing from cell 'LOGIC1_X1' in timing library 'NangateOpenCellLibrary'.
**WARN: (IMPTS-124):	Timing library description of pin 'Z' is missing from cell 'LOGIC0_X1' in timing library 'NangateOpenCellLibrary'.
Hooked 135 DB cells to tlib cells.
Starting recursive module instantiation check.
No recursion found.
Building hierarchical netlist for Cell aes_cipher_top ...
*** Netlist is unique.
** info: there are 136 modules.
** info: there are 9995 stdCell insts.

*** Memory Usage v#1 (Current mem = 808.375M, initial mem = 270.344M) ***
*info: set bottom ioPad orient R0
Generated pitch 1.68 in metal10 is different from 1.6 defined in technology file in preferred direction.
Generated pitch 0.84 in metal8 is different from 0.8 defined in technology file in preferred direction.
Generated pitch 0.84 in metal7 is different from 0.8 defined in technology file in preferred direction.
Set Default Net Delay as 1000 ps.
Set Default Net Load as 0.5 pF. 
Set Default Input Pin Transition as 0.1 ps.
Loading preference file /home/host/aes_baseline/outputs/aes_pins_taps.enc.dat/gui.pref.tcl ...
**WARN: analysis view VIEW_TYP not found, use default_view_setup
**WARN: analysis view VIEW_TYP not found, use default_view_setup
**WARN: analysis view VIEW_TYP not found, use default_view_setup
**WARN: analysis view VIEW_TYP not found, use default_view_setup
Extraction setup Started 
Initializing multi-corner RC extraction with 1 active RC Corners ...
Reading Capacitance Table File /home/host/aes_baseline/outputs/aes_pins_taps.enc.dat/libs/mmmc/NangateOpenCellLibrary.captable ...
Cap table was created using Encounter 08.10-p004_1.
Process name: master_techFreePDK45.
Importing multi-corner RC tables ... 
Summary of Active RC-Corners : 
 
 Analysis View: VIEW_TYP
    RC-Corner Name        : RC_TYP
    RC-Corner Index       : 0
    RC-Corner Temperature : 25 Celsius
    RC-Corner Cap Table   : '/home/host/aes_baseline/outputs/aes_pins_taps.enc.dat/libs/mmmc/NangateOpenCellLibrary.captable'
    RC-Corner PreRoute Res Factor         : 1
    RC-Corner PreRoute Cap Factor         : 1
    RC-Corner PostRoute Res Factor        : 1 {1 1 1}
    RC-Corner PostRoute Cap Factor        : 1 {1 1 1}
    RC-Corner PostRoute XCap Factor       : 1 {1 1 1}
    RC-Corner PreRoute Clock Res Factor   : 1	[Derived from postRoute_res (effortLevel low)]
    RC-Corner PreRoute Clock Cap Factor   : 1	[Derived from postRoute_cap (effortLevel low)]
    RC-Corner PostRoute Clock Cap Factor  : 1 {1 1 1} 	[Derived from postRoute_cap (effortLevel low)]
    RC-Corner PostRoute Clock Res Factor  : 1 {1 1 1} 	[Derived from postRoute_res (effortLevel low)]
Updating RC grid for preRoute extraction ...
Initializing multi-corner capacitance tables ... 
Initializing multi-corner resistance tables ...
*Info: initialize multi-corner CTS.
Reading timing constraints file '/home/host/aes_baseline/outputs/aes_pins_taps.enc.dat/libs/mmmc/aes.sdc' ...
Current (total cpu=0:00:39.9, real=0:00:36.0, peak res=840.3M, current mem=761.5M)
INFO (CTE): Constraints read successfully.
Ending "Constraint file reading stats" (total cpu=0:00:00.0, real=0:00:00.0, peak res=771.6M, current mem=771.6M)
Current (total cpu=0:00:40.0, real=0:00:36.0, peak res=840.3M, current mem=771.6M)
Total number of combinational cells: 100
Total number of sequential cells: 29
Total number of tristate cells: 6
Total number of level shifter cells: 0
Total number of power gating cells: 0
Total number of isolation cells: 0
Total number of power switch cells: 0
Total number of pulse generator cells: 0
Total number of always on buffers: 0
Total number of retention cells: 0
List of usable buffers: BUF_X1 BUF_X2 BUF_X4 BUF_X8 BUF_X16 BUF_X32 CLKBUF_X1 CLKBUF_X2 CLKBUF_X3
Total number of usable buffers: 9
List of unusable buffers:
Total number of unusable buffers: 0
List of usable inverters: INV_X1 INV_X2 INV_X4 INV_X8 INV_X16 INV_X32
Total number of usable inverters: 6
List of unusable inverters:
Total number of unusable inverters: 0
List of identified usable delay cells:
Total number of identified usable delay cells: 0
List of identified unusable delay cells:
Total number of identified unusable delay cells: 0
No delay cells were detected in the set of buffers. Buffers will be used to fix hold violations.
Reading floorplan file - /home/host/aes_baseline/outputs/aes_pins_taps.enc.dat/aes_cipher_top.fp.gz (mem = 954.1M).
% Begin Load floorplan data ... (date=08/16 19:15:19, mem=772.0M)
*info: reset 10849 existing net BottomPreferredLayer and AvoidDetour
Deleting old partition specification.
Set FPlanBox to (0 0 355680 353920)
Generated pitch 1.68 in metal10 is different from 1.6 defined in technology file in preferred direction.
Generated pitch 0.84 in metal8 is different from 0.8 defined in technology file in preferred direction.
Generated pitch 0.84 in metal7 is different from 0.8 defined in technology file in preferred direction.
 ... processed partition successfully.
Reading binary special route file /home/host/aes_baseline/outputs/aes_pins_taps.enc.dat/aes_cipher_top.fp.spr.gz (Created by Innovus v19.10-p002_1 on Fri Aug 14 18:51:48 2026, version: 1)
Extracting standard cell pins and blockage ...... 
Pin and blockage extraction finished
Delete all existing relative floorplan constraints.
% End Load floorplan data ... (date=08/16 19:15:19, total cpu=0:00:00.0, real=0:00:00.0, peak res=773.0M, current mem=773.0M)
Reading congestion map file /home/host/aes_baseline/outputs/aes_pins_taps.enc.dat/aes_cipher_top.route.congmap.gz ...
% Begin Load SymbolTable ... (date=08/16 19:15:19, mem=773.2M)
% End Load SymbolTable ... (date=08/16 19:15:19, total cpu=0:00:00.0, real=0:00:00.0, peak res=773.7M, current mem=773.7M)
Loading place ...
% Begin Load placement data ... (date=08/16 19:15:19, mem=773.7M)
Reading placement file - /home/host/aes_baseline/outputs/aes_pins_taps.enc.dat/aes_cipher_top.place.gz.
** Reading stdCellPlacement_binary (Created by Innovus v19.10-p002_1 on Fri Aug 14 18:51:48 2026, version# 2) ...
Read Views for adaptive view pruning ...
Read 0 views from Binary DB for adaptive view pruning
*** Checked 2 GNC rules.
*** applyConnectGlobalNets disabled.
*** Completed restorePlace (cpu=0:00:00.0 real=0:00:00.0 mem=949.1M) ***
Total net length = 1.043e+01 (5.214e+00 5.214e+00) (ext = 0.000e+00)
% End Load placement data ... (date=08/16 19:15:19, total cpu=0:00:00.0, real=0:00:00.0, peak res=773.7M, current mem=773.7M)
Reading PG file /home/host/aes_baseline/outputs/aes_pins_taps.enc.dat/aes_cipher_top.pg.gz
*** Completed restorePGFile (cpu=0:00:00.0 real=0:00:01.0 mem=946.1M) ***
% Begin Load routing data ... (date=08/16 19:15:20, mem=773.7M)
Reading routing file - /home/host/aes_baseline/outputs/aes_pins_taps.enc.dat/aes_cipher_top.route.gz.
Reading Innovus routing data (Created by Innovus v19.10-p002_1 on Fri Aug 14 18:51:48 2026 Format: 19.1) ...
*** Total 10818 nets are successfully restored.
*** Completed restoreRoute (cpu=0:00:00.0 real=0:00:00.0 mem=946.1M) ***
% End Load routing data ... (date=08/16 19:15:20, total cpu=0:00:00.0, real=0:00:00.0, peak res=773.8M, current mem=773.8M)
TAT_INFO: restoreCongMap REAL = 0 : CPU = 0 : MEM = 0.
Reading property file /home/host/aes_baseline/outputs/aes_pins_taps.enc.dat/aes_cipher_top.prop
*** Completed restoreProperty (cpu=0:00:00.0 real=0:00:00.0 mem=951.1M) ***
Set Default Input Pin Transition as 0.1 ps.
Updating RC grid for preRoute extraction ...
Initializing multi-corner capacitance tables ... 
Initializing multi-corner resistance tables ...
Start generating vias ...
#Skip building auto via since it is not turned on.
Via generation completed.
% Begin Load power constraints ... (date=08/16 19:15:20, mem=775.7M)
source /home/host/aes_baseline/outputs/aes_pins_taps.enc.dat/aes_cipher_top_power_constraints.tcl
% End Load power constraints ... (date=08/16 19:15:20, total cpu=0:00:00.0, real=0:00:00.0, peak res=775.7M, current mem=775.7M)
% Begin load AAE data ... (date=08/16 19:15:20, mem=775.7M)
**WARN: (IMPESI-621):	Timing window restoration data eosdb.dat not found. PBA-SI results may not match in save/restore flow.
% End load AAE data ... (date=08/16 19:15:20, total cpu=0:00:00.0, real=0:00:00.0, peak res=775.7M, current mem=775.7M)
Total number of combinational cells: 100
Total number of sequential cells: 29
Total number of tristate cells: 6
Total number of level shifter cells: 0
Total number of power gating cells: 0
Total number of isolation cells: 0
Total number of power switch cells: 0
Total number of pulse generator cells: 0
Total number of always on buffers: 0
Total number of retention cells: 0
List of usable buffers: BUF_X1 BUF_X2 BUF_X4 BUF_X8 BUF_X16 BUF_X32 CLKBUF_X1 CLKBUF_X2 CLKBUF_X3
Total number of usable buffers: 9
List of unusable buffers:
Total number of unusable buffers: 0
List of usable inverters: INV_X1 INV_X2 INV_X4 INV_X8 INV_X16 INV_X32
Total number of usable inverters: 6
List of unusable inverters:
Total number of unusable inverters: 0
List of identified usable delay cells:
Total number of identified usable delay cells: 0
List of identified unusable delay cells:
Total number of identified unusable delay cells: 0
No delay cells were detected in the set of buffers. Buffers will be used to fix hold violations.
**WARN: (IMPCTE-107):	The following globals have been obsoleted since version 19.10-p002_1. They will be removed in the next release. 
timing_enable_default_delay_arc
#% End load design ... (date=08/16 19:15:20, total cpu=0:00:01.6, real=0:00:02.0, peak res=817.7M, current mem=775.4M)

*** Summary of all messages that are not suppressed in this session:
Severity  ID               Count  Summary                                  
WARNING   IMPTS-124            2  Timing library description of pin '%s' i...
WARNING   IMPCK-8086           1  The command %s is obsolete and will be r...
WARNING   IMPVL-159            2  Pin '%s' of cell '%s' is defined in LEF ...
WARNING   IMPESI-621           1  Timing window restoration data eosdb.dat...
ERROR     IMPOAX-820           2  The OA features are disabled in the curr...
ERROR     IMPOAX-850           2  %s command cannot be run as OA features ...
WARNING   IMPCTE-107           1  The following globals have been obsolete...
WARNING   TCLCMD-1131          1  '%s'                                     
*** Message Summary: 8 warning(s), 4 error(s)

**WARN: (TCLCMD-1131):	'The -max_points parameter of the report_timing command is obsolete. The timing engine will map it to -max_paths parameter. For future releases, you should remove this parameter from your scripts.'
**WARN: (TCLCMD-1131):	'The -max_points parameter of the report_timing command is obsolete. The timing engine will map it to -max_paths parameter. For future releases, you should remove this parameter from your scripts.'
DATASET_STAGE aes_pins_taps STATUS available
#% Begin load design ... (date=08/16 19:15:24, mem=821.1M)
Free PSO.
Reset cap table.
Cleaning up the current multi-corner RC extraction setup.
**WARN: (TCLCMD-1131):	'The software has performed a full/partial timing reset. All existing timing path and timing point collection references have been invalidated and may no longer be referenced.'
**WARN: (IMPCK-8086):	The command setCTSMode is obsolete and will be removed in the next release. This command still works in this release, but by the next release you must transition to the CCOpt-based CTS flow.
**ERROR: (IMPOAX-820):	The OA features are disabled in the current session of Innovus because the oax shared library could not be loaded properly. This could be because your installation was not properly configured. To enable OA features, exit the current session and re-launch Innovus either after fixing your installation by running the Configure Installation phase, or after setting the OA_HOME variable to point to a proper OA installation. Check the "OpenAccess Installation and Configuration Guide" manual for more information.

**ERROR: (IMPOAX-850):	oaxCleanupData command cannot be run as OA features are disabled in this session.
Set DBUPerIGU to 1000.
Set net toggle Scale Factor to 1.00
Set Shrink Factor to 1.00000
Set net toggle Scale Factor to 1.00
Set Shrink Factor to 1.00000

*** Memory Usage v#1 (Current mem = 810.715M, initial mem = 270.344M) ***


Info (SM2C): Status of key globals:
	 MMMC-by-default flow     : 1
	 Default MMMC objs envvar : 0
	 Data portability         : 0
	 MMMC PV Emulation        : 0
	 MMMC debug               : 0
	 Init_Design flow         : 1


	 CTE SM2C global          : false
	 Reporting view filter    : false
Set Default Input Pin Transition as 0.1 ps.
Loading design 'aes_cipher_top' saved by 'Innovus' '19.10-p002_1' on 'Fri Aug 14 18:54:36 2026'.
**ERROR: (IMPOAX-820):	The OA features are disabled in the current session of Innovus because the oax shared library could not be loaded properly. This could be because your installation was not properly configured. To enable OA features, exit the current session and re-launch Innovus either after fixing your installation by running the Configure Installation phase, or after setting the OA_HOME variable to point to a proper OA installation. Check the "OpenAccess Installation and Configuration Guide" manual for more information.

**ERROR: (IMPOAX-850):	oaxCreateCdsLibArray command cannot be run as OA features are disabled in this session.
% Begin Load MMMC data ... (date=08/16 19:15:24, mem=610.4M)
% End Load MMMC data ... (date=08/16 19:15:24, total cpu=0:00:00.0, real=0:00:00.0, peak res=610.4M, current mem=610.4M)

Loading LEF file /home/host/aes_baseline/outputs/aes_place.enc.dat/libs/lef/NangateOpenCellLibrary.tech.lef ...

Loading LEF file /home/host/aes_baseline/outputs/aes_place.enc.dat/libs/lef/NangateOpenCellLibrary.macro.mod.lef ...
Set DBUPerIGU to M2 pitch 380.

viaInitial starts at Sun Aug 16 19:15:24 2026
viaInitial ends at Sun Aug 16 19:15:24 2026

##  Check design process and node:  
##  Design tech node is not set.

Loading view definition file from /home/host/aes_baseline/outputs/aes_place.enc.dat/viewDefinition.tcl
Reading LIBSET_TYP timing library '/home/host/aes_baseline/outputs/aes_place.enc.dat/libs/mmmc/NangateOpenCellLibrary_typical.lib' ...
Read 135 cells in library 'NangateOpenCellLibrary' 
*** End library_loading (cpu=0.01min, real=0.00min, mem=9.0M, fe_cpu=0.75min, fe_real=0.70min, fe_mem=821.8M) ***
% Begin Load netlist data ... (date=08/16 19:15:24, mem=609.2M)
*** Begin netlist parsing (mem=821.8M) ***
**WARN: (IMPVL-159):	Pin 'Z' of cell 'LOGIC1_X1' is defined in LEF but not in the timing library.
**WARN: (IMPVL-159):	Pin 'Z' of cell 'LOGIC0_X1' is defined in LEF but not in the timing library.
Created 135 new cells from 1 timing libraries.
Reading netlist ...
Backslashed names will retain backslash and a trailing blank character.
Reading verilogBinary netlist '/home/host/aes_baseline/outputs/aes_place.enc.dat/vbin/aes_cipher_top.v.bin'
Reading binary database version 2 in 1-threaded mode

*** Memory Usage v#1 (Current mem = 830.820M, initial mem = 270.344M) ***
*** End netlist parsing (cpu=0:00:00.0, real=0:00:00.0, mem=830.8M) ***
% End Load netlist data ... (date=08/16 19:15:24, total cpu=0:00:00.0, real=0:00:00.0, peak res=615.4M, current mem=615.4M)
Set top cell to aes_cipher_top.
**WARN: (IMPTS-124):	Timing library description of pin 'Z' is missing from cell 'LOGIC1_X1' in timing library 'NangateOpenCellLibrary'.
**WARN: (IMPTS-124):	Timing library description of pin 'Z' is missing from cell 'LOGIC0_X1' in timing library 'NangateOpenCellLibrary'.
Hooked 135 DB cells to tlib cells.
Starting recursive module instantiation check.
No recursion found.
Building hierarchical netlist for Cell aes_cipher_top ...
*** Netlist is unique.
** info: there are 136 modules.
** info: there are 10693 stdCell insts.

*** Memory Usage v#1 (Current mem = 819.820M, initial mem = 270.344M) ***
*info: set bottom ioPad orient R0
Generated pitch 1.68 in metal10 is different from 1.6 defined in technology file in preferred direction.
Generated pitch 0.84 in metal8 is different from 0.8 defined in technology file in preferred direction.
Generated pitch 0.84 in metal7 is different from 0.8 defined in technology file in preferred direction.
Set Default Net Delay as 1000 ps.
Set Default Net Load as 0.5 pF. 
Set Default Input Pin Transition as 0.1 ps.
Loading preference file /home/host/aes_baseline/outputs/aes_place.enc.dat/gui.pref.tcl ...
##  Process: 45            (User Set)               
##     Node: (not set)                           

##  Check design process and node:  
##  Design tech node is not set.

Applying the recommended capacitance filtering threshold values for 45nm process node: total_c_th=0, relative_c_th=1 and coupling_c_th=0.1.
	These values will be used by all post-route extraction engines, including TQuantus, IQuantus and Quantus QRC extraction.
	Capacitance filtering mode(-capFilterMode option of the setExtractRCMode) is 'relAndCoup' for all engines.
	The accuracy mode for postRoute effortLevel low extraction will be set to 'high'.
	Default value for EffortLevel(-effortLevel option of the setExtractRCMode) in postRoute extraction mode will be 'medium' if Quantus QRC technology file is specified else 'low'.
**WARN: analysis view VIEW_TYP not found, use default_view_setup
**WARN: analysis view VIEW_TYP not found, use default_view_setup
**WARN: analysis view VIEW_TYP not found, use default_view_setup
**WARN: analysis view VIEW_TYP not found, use default_view_setup
**WARN: analysis view VIEW_TYP not found, use default_view_setup
Extraction setup Started 
Initializing multi-corner RC extraction with 1 active RC Corners ...
Reading Capacitance Table File /home/host/aes_baseline/outputs/aes_place.enc.dat/libs/mmmc/NangateOpenCellLibrary.captable ...
Cap table was created using Encounter 08.10-p004_1.
Process name: master_techFreePDK45.
Importing multi-corner RC tables ... 
Summary of Active RC-Corners : 
 
 Analysis View: VIEW_TYP
    RC-Corner Name        : RC_TYP
    RC-Corner Index       : 0
    RC-Corner Temperature : 25 Celsius
    RC-Corner Cap Table   : '/home/host/aes_baseline/outputs/aes_place.enc.dat/libs/mmmc/NangateOpenCellLibrary.captable'
    RC-Corner PreRoute Res Factor         : 1
    RC-Corner PreRoute Cap Factor         : 1
    RC-Corner PostRoute Res Factor        : 1 {1 1 1}
    RC-Corner PostRoute Cap Factor        : 1 {1 1 1}
    RC-Corner PostRoute XCap Factor       : 1 {1 1 1}
    RC-Corner PreRoute Clock Res Factor   : 1	[Derived from postRoute_res (effortLevel low)]
    RC-Corner PreRoute Clock Cap Factor   : 1	[Derived from postRoute_cap (effortLevel low)]
    RC-Corner PostRoute Clock Cap Factor  : 1 {1 1 1} 	[Derived from postRoute_cap (effortLevel low)]
    RC-Corner PostRoute Clock Res Factor  : 1 {1 1 1} 	[Derived from postRoute_res (effortLevel low)]
Updating RC grid for preRoute extraction ...
Initializing multi-corner capacitance tables ... 
Initializing multi-corner resistance tables ...
*Info: initialize multi-corner CTS.
Reading timing constraints file '/home/host/aes_baseline/outputs/aes_place.enc.dat/mmmc/modes/FUNC/FUNC.sdc' ...
Current (total cpu=0:00:45.4, real=0:00:42.0, peak res=840.3M, current mem=778.3M)
aes_cipher_top
INFO (CTE): Constraints read successfully.
Ending "Constraint file reading stats" (total cpu=0:00:00.1, real=0:00:00.0, peak res=788.6M, current mem=788.6M)
Current (total cpu=0:00:45.5, real=0:00:42.0, peak res=840.3M, current mem=788.6M)
Reading latency file '/home/host/aes_baseline/outputs/aes_place.enc.dat/mmmc/views/VIEW_TYP/latency.sdc' ...
Total number of combinational cells: 100
Total number of sequential cells: 29
Total number of tristate cells: 6
Total number of level shifter cells: 0
Total number of power gating cells: 0
Total number of isolation cells: 0
Total number of power switch cells: 0
Total number of pulse generator cells: 0
Total number of always on buffers: 0
Total number of retention cells: 0
List of usable buffers: BUF_X1 BUF_X2 BUF_X4 BUF_X8 BUF_X16 BUF_X32 CLKBUF_X1 CLKBUF_X2 CLKBUF_X3
Total number of usable buffers: 9
List of unusable buffers:
Total number of unusable buffers: 0
List of usable inverters: INV_X1 INV_X2 INV_X4 INV_X8 INV_X16 INV_X32
Total number of usable inverters: 6
List of unusable inverters:
Total number of unusable inverters: 0
List of identified usable delay cells:
Total number of identified usable delay cells: 0
List of identified unusable delay cells:
Total number of identified unusable delay cells: 0
No delay cells were detected in the set of buffers. Buffers will be used to fix hold violations.
Reading floorplan file - /home/host/aes_baseline/outputs/aes_place.enc.dat/aes_cipher_top.fp.gz (mem = 963.5M).
% Begin Load floorplan data ... (date=08/16 19:15:25, mem=789.0M)
*info: reset 11547 existing net BottomPreferredLayer and AvoidDetour
Deleting old partition specification.
Set FPlanBox to (0 0 355680 353920)
Generated pitch 1.68 in metal10 is different from 1.6 defined in technology file in preferred direction.
Generated pitch 0.84 in metal8 is different from 0.8 defined in technology file in preferred direction.
Generated pitch 0.84 in metal7 is different from 0.8 defined in technology file in preferred direction.
 ... processed partition successfully.
Reading binary special route file /home/host/aes_baseline/outputs/aes_place.enc.dat/aes_cipher_top.fp.spr.gz (Created by Innovus v19.10-p002_1 on Fri Aug 14 18:54:35 2026, version: 1)
Extracting standard cell pins and blockage ...... 
Pin and blockage extraction finished
Delete all existing relative floorplan constraints.
% End Load floorplan data ... (date=08/16 19:15:25, total cpu=0:00:00.0, real=0:00:00.0, peak res=790.7M, current mem=790.7M)
Reading congestion map file /home/host/aes_baseline/outputs/aes_place.enc.dat/aes_cipher_top.route.congmap.gz ...
% Begin Load SymbolTable ... (date=08/16 19:15:25, mem=790.8M)
Suppress "**WARN ..." messages.
Un-suppress "**WARN ..." messages.
% End Load SymbolTable ... (date=08/16 19:15:25, total cpu=0:00:00.0, real=0:00:00.0, peak res=792.3M, current mem=792.3M)
Loading place ...
% Begin Load placement data ... (date=08/16 19:15:25, mem=792.3M)
Reading placement file - /home/host/aes_baseline/outputs/aes_place.enc.dat/aes_cipher_top.place.gz.
** Reading stdCellPlacement_binary (Created by Innovus v19.10-p002_1 on Fri Aug 14 18:54:35 2026, version# 2) ...
Read Views for adaptive view pruning ...
Read 0 views from Binary DB for adaptive view pruning
*** Checked 2 GNC rules.
*** applyConnectGlobalNets disabled.
*** Completed restorePlace (cpu=0:00:00.0 real=0:00:00.0 mem=960.5M) ***
Total net length = 1.422e+05 (7.383e+04 6.834e+04) (ext = 1.041e+04)
% End Load placement data ... (date=08/16 19:15:25, total cpu=0:00:00.0, real=0:00:00.0, peak res=792.8M, current mem=792.8M)
Reading PG file /home/host/aes_baseline/outputs/aes_place.enc.dat/aes_cipher_top.pg.gz
*** Completed restorePGFile (cpu=0:00:00.0 real=0:00:01.0 mem=957.5M) ***
% Begin Load routing data ... (date=08/16 19:15:26, mem=792.9M)
Reading routing file - /home/host/aes_baseline/outputs/aes_place.enc.dat/aes_cipher_top.route.gz.
Reading Innovus routing data (Created by Innovus v19.10-p002_1 on Fri Aug 14 18:54:35 2026 Format: 19.1) ...
*** Total 11516 nets are successfully restored.
*** Completed restoreRoute (cpu=0:00:00.1 real=0:00:00.0 mem=957.5M) ***
% End Load routing data ... (date=08/16 19:15:26, total cpu=0:00:00.1, real=0:00:00.0, peak res=806.5M, current mem=806.5M)
TAT_INFO: restoreCongMap REAL = 0 : CPU = 0 : MEM = 0.
Reading property file /home/host/aes_baseline/outputs/aes_place.enc.dat/aes_cipher_top.prop
Extracting macro/IO cell pins and blockage ...... 
Pin and blockage extraction finished
*** Completed restoreProperty (cpu=0:00:00.0 real=0:00:00.0 mem=962.5M) ***
Set Default Input Pin Transition as 0.1 ps.
Updating RC grid for preRoute extraction ...
Initializing multi-corner capacitance tables ... 
Initializing multi-corner resistance tables ...
Loading rc congestion map /home/host/aes_baseline/outputs/aes_place.enc.dat/aes_cipher_top.congmap.gz ...
Start generating vias ...
#Skip building auto via since it is not turned on.
Via generation completed.
% Begin Load power constraints ... (date=08/16 19:15:26, mem=807.1M)
source /home/host/aes_baseline/outputs/aes_place.enc.dat/aes_cipher_top_power_constraints.tcl
'set_default_switching_activity' finished successfully.
% End Load power constraints ... (date=08/16 19:15:26, total cpu=0:00:00.0, real=0:00:00.0, peak res=807.1M, current mem=807.1M)
% Begin load AAE data ... (date=08/16 19:15:26, mem=807.1M)
AAE DB initialization (MEM=976.625 CPU=0:00:00.2 REAL=0:00:01.0) 
% End load AAE data ... (date=08/16 19:15:27, total cpu=0:00:00.2, real=0:00:01.0, peak res=808.2M, current mem=808.2M)
Total number of combinational cells: 100
Total number of sequential cells: 29
Total number of tristate cells: 6
Total number of level shifter cells: 0
Total number of power gating cells: 0
Total number of isolation cells: 0
Total number of power switch cells: 0
Total number of pulse generator cells: 0
Total number of always on buffers: 0
Total number of retention cells: 0
List of usable buffers: BUF_X1 BUF_X2 BUF_X4 BUF_X8 BUF_X16 BUF_X32 CLKBUF_X1 CLKBUF_X2 CLKBUF_X3
Total number of usable buffers: 9
List of unusable buffers:
Total number of unusable buffers: 0
List of usable inverters: INV_X1 INV_X2 INV_X4 INV_X8 INV_X16 INV_X32
Total number of usable inverters: 6
List of unusable inverters:
Total number of unusable inverters: 0
List of identified usable delay cells:
Total number of identified usable delay cells: 0
List of identified unusable delay cells:
Total number of identified unusable delay cells: 0
No delay cells were detected in the set of buffers. Buffers will be used to fix hold violations.
**WARN: (IMPCTE-107):	The following globals have been obsoleted since version 19.10-p002_1. They will be removed in the next release. 
timing_enable_default_delay_arc
#% End load design ... (date=08/16 19:15:27, total cpu=0:00:02.3, real=0:00:03.0, peak res=821.1M, current mem=808.0M)

*** Summary of all messages that are not suppressed in this session:
Severity  ID               Count  Summary                                  
WARNING   IMPTS-124            2  Timing library description of pin '%s' i...
WARNING   IMPCK-8086           1  The command %s is obsolete and will be r...
WARNING   IMPVL-159            2  Pin '%s' of cell '%s' is defined in LEF ...
ERROR     IMPOAX-820           2  The OA features are disabled in the curr...
ERROR     IMPOAX-850           2  %s command cannot be run as OA features ...
WARNING   IMPCTE-107           1  The following globals have been obsolete...
WARNING   TCLCMD-1131          1  '%s'                                     
*** Message Summary: 7 warning(s), 4 error(s)

Message <TCLCMD-1131> has exceeded the message display limit of '20'. Use 'set_message -no_limit -id list_of_msgIDs' to reset the message limit.
DATASET_STAGE aes_place STATUS available
#% Begin load design ... (date=08/16 19:15:31, mem=853.8M)
##  Process: 90            (User Set)               
##     Node: (not set)                           

##  Check design process and node:  
##  Design tech node is not set.

Free PSO.
Reset cap table.
Cleaning up the current multi-corner RC extraction setup.
**WARN: (IMPCK-8086):	The command setCTSMode is obsolete and will be removed in the next release. This command still works in this release, but by the next release you must transition to the CCOpt-based CTS flow.
**ERROR: (IMPOAX-820):	The OA features are disabled in the current session of Innovus because the oax shared library could not be loaded properly. This could be because your installation was not properly configured. To enable OA features, exit the current session and re-launch Innovus either after fixing your installation by running the Configure Installation phase, or after setting the OA_HOME variable to point to a proper OA installation. Check the "OpenAccess Installation and Configuration Guide" manual for more information.

**ERROR: (IMPOAX-850):	oaxCleanupData command cannot be run as OA features are disabled in this session.
Set DBUPerIGU to 1000.
Set net toggle Scale Factor to 1.00
Set Shrink Factor to 1.00000
Set net toggle Scale Factor to 1.00
Set Shrink Factor to 1.00000

*** Memory Usage v#1 (Current mem = 833.480M, initial mem = 270.344M) ***


Info (SM2C): Status of key globals:
	 MMMC-by-default flow     : 1
	 Default MMMC objs envvar : 0
	 Data portability         : 0
	 MMMC PV Emulation        : 0
	 MMMC debug               : 0
	 Init_Design flow         : 1


	 CTE SM2C global          : false
	 Reporting view filter    : false
Set Default Input Pin Transition as 0.1 ps.
Loading design 'aes_cipher_top' saved by 'Innovus' '19.10-p002_1' on 'Fri Aug 14 18:54:00 2026'.
**ERROR: (IMPOAX-820):	The OA features are disabled in the current session of Innovus because the oax shared library could not be loaded properly. This could be because your installation was not properly configured. To enable OA features, exit the current session and re-launch Innovus either after fixing your installation by running the Configure Installation phase, or after setting the OA_HOME variable to point to a proper OA installation. Check the "OpenAccess Installation and Configuration Guide" manual for more information.

**ERROR: (IMPOAX-850):	oaxCreateCdsLibArray command cannot be run as OA features are disabled in this session.
% Begin Load MMMC data ... (date=08/16 19:15:32, mem=618.5M)
% End Load MMMC data ... (date=08/16 19:15:32, total cpu=0:00:00.0, real=0:00:00.0, peak res=618.5M, current mem=618.5M)

Loading LEF file /home/host/aes_baseline/outputs/aes_placed_raw.enc.dat/libs/lef/NangateOpenCellLibrary.tech.lef ...

Loading LEF file /home/host/aes_baseline/outputs/aes_placed_raw.enc.dat/libs/lef/NangateOpenCellLibrary.macro.mod.lef ...
Set DBUPerIGU to M2 pitch 380.

viaInitial starts at Sun Aug 16 19:15:32 2026
viaInitial ends at Sun Aug 16 19:15:32 2026

##  Check design process and node:  
##  Design tech node is not set.

Loading view definition file from /home/host/aes_baseline/outputs/aes_placed_raw.enc.dat/viewDefinition.tcl
Reading LIBSET_TYP timing library '/home/host/aes_baseline/outputs/aes_placed_raw.enc.dat/libs/mmmc/NangateOpenCellLibrary_typical.lib' ...
Read 135 cells in library 'NangateOpenCellLibrary' 
*** End library_loading (cpu=0.00min, real=0.00min, mem=8.0M, fe_cpu=0.87min, fe_real=0.83min, fe_mem=843.6M) ***
% Begin Load netlist data ... (date=08/16 19:15:32, mem=616.0M)
*** Begin netlist parsing (mem=843.6M) ***
**WARN: (IMPVL-159):	Pin 'Z' of cell 'LOGIC1_X1' is defined in LEF but not in the timing library.
**WARN: (IMPVL-159):	Pin 'Z' of cell 'LOGIC0_X1' is defined in LEF but not in the timing library.
Created 135 new cells from 1 timing libraries.
Reading netlist ...
Backslashed names will retain backslash and a trailing blank character.
Reading verilogBinary netlist '/home/host/aes_baseline/outputs/aes_placed_raw.enc.dat/vbin/aes_cipher_top.v.bin'
Reading binary database version 2 in 1-threaded mode

*** Memory Usage v#1 (Current mem = 852.586M, initial mem = 270.344M) ***
*** End netlist parsing (cpu=0:00:00.0, real=0:00:00.0, mem=852.6M) ***
% End Load netlist data ... (date=08/16 19:15:32, total cpu=0:00:00.0, real=0:00:00.0, peak res=623.2M, current mem=623.2M)
Set top cell to aes_cipher_top.
**WARN: (IMPTS-124):	Timing library description of pin 'Z' is missing from cell 'LOGIC1_X1' in timing library 'NangateOpenCellLibrary'.
**WARN: (IMPTS-124):	Timing library description of pin 'Z' is missing from cell 'LOGIC0_X1' in timing library 'NangateOpenCellLibrary'.
Hooked 135 DB cells to tlib cells.
Starting recursive module instantiation check.
No recursion found.
Building hierarchical netlist for Cell aes_cipher_top ...
*** Netlist is unique.
** info: there are 136 modules.
** info: there are 9995 stdCell insts.

*** Memory Usage v#1 (Current mem = 841.586M, initial mem = 270.344M) ***
*info: set bottom ioPad orient R0
Generated pitch 1.68 in metal10 is different from 1.6 defined in technology file in preferred direction.
Generated pitch 0.84 in metal8 is different from 0.8 defined in technology file in preferred direction.
Generated pitch 0.84 in metal7 is different from 0.8 defined in technology file in preferred direction.
Set Default Net Delay as 1000 ps.
Set Default Net Load as 0.5 pF. 
Set Default Input Pin Transition as 0.1 ps.
Loading preference file /home/host/aes_baseline/outputs/aes_placed_raw.enc.dat/gui.pref.tcl ...
##  Process: 45            (User Set)               
##     Node: (not set)                           

##  Check design process and node:  
##  Design tech node is not set.

Applying the recommended capacitance filtering threshold values for 45nm process node: total_c_th=0, relative_c_th=1 and coupling_c_th=0.1.
	These values will be used by all post-route extraction engines, including TQuantus, IQuantus and Quantus QRC extraction.
	Capacitance filtering mode(-capFilterMode option of the setExtractRCMode) is 'relAndCoup' for all engines.
	The accuracy mode for postRoute effortLevel low extraction will be set to 'high'.
	Default value for EffortLevel(-effortLevel option of the setExtractRCMode) in postRoute extraction mode will be 'medium' if Quantus QRC technology file is specified else 'low'.
**WARN: analysis view VIEW_TYP not found, use default_view_setup
**WARN: analysis view VIEW_TYP not found, use default_view_setup
**WARN: analysis view VIEW_TYP not found, use default_view_setup
**WARN: analysis view VIEW_TYP not found, use default_view_setup
**WARN: analysis view VIEW_TYP not found, use default_view_setup
**WARN: analysis view VIEW_TYP not found, use default_view_setup
Extraction setup Started 
Initializing multi-corner RC extraction with 1 active RC Corners ...
Reading Capacitance Table File /home/host/aes_baseline/outputs/aes_placed_raw.enc.dat/libs/mmmc/NangateOpenCellLibrary.captable ...
Cap table was created using Encounter 08.10-p004_1.
Process name: master_techFreePDK45.
Importing multi-corner RC tables ... 
Summary of Active RC-Corners : 
 
 Analysis View: VIEW_TYP
    RC-Corner Name        : RC_TYP
    RC-Corner Index       : 0
    RC-Corner Temperature : 25 Celsius
    RC-Corner Cap Table   : '/home/host/aes_baseline/outputs/aes_placed_raw.enc.dat/libs/mmmc/NangateOpenCellLibrary.captable'
    RC-Corner PreRoute Res Factor         : 1
    RC-Corner PreRoute Cap Factor         : 1
    RC-Corner PostRoute Res Factor        : 1 {1 1 1}
    RC-Corner PostRoute Cap Factor        : 1 {1 1 1}
    RC-Corner PostRoute XCap Factor       : 1 {1 1 1}
    RC-Corner PreRoute Clock Res Factor   : 1	[Derived from postRoute_res (effortLevel low)]
    RC-Corner PreRoute Clock Cap Factor   : 1	[Derived from postRoute_cap (effortLevel low)]
    RC-Corner PostRoute Clock Cap Factor  : 1 {1 1 1} 	[Derived from postRoute_cap (effortLevel low)]
    RC-Corner PostRoute Clock Res Factor  : 1 {1 1 1} 	[Derived from postRoute_res (effortLevel low)]
Updating RC grid for preRoute extraction ...
Initializing multi-corner capacitance tables ... 
Initializing multi-corner resistance tables ...
*Info: initialize multi-corner CTS.
Reading timing constraints file '/home/host/aes_baseline/outputs/aes_placed_raw.enc.dat/mmmc/modes/FUNC/FUNC.sdc' ...
Current (total cpu=0:00:52.5, real=0:00:50.0, peak res=861.6M, current mem=783.3M)
aes_cipher_top
INFO (CTE): Constraints read successfully.
Ending "Constraint file reading stats" (total cpu=0:00:00.0, real=0:00:00.0, peak res=793.4M, current mem=793.4M)
Current (total cpu=0:00:52.5, real=0:00:50.0, peak res=861.6M, current mem=793.4M)
Total number of combinational cells: 100
Total number of sequential cells: 29
Total number of tristate cells: 6
Total number of level shifter cells: 0
Total number of power gating cells: 0
Total number of isolation cells: 0
Total number of power switch cells: 0
Total number of pulse generator cells: 0
Total number of always on buffers: 0
Total number of retention cells: 0
List of usable buffers: BUF_X1 BUF_X2 BUF_X4 BUF_X8 BUF_X16 BUF_X32 CLKBUF_X1 CLKBUF_X2 CLKBUF_X3
Total number of usable buffers: 9
List of unusable buffers:
Total number of unusable buffers: 0
List of usable inverters: INV_X1 INV_X2 INV_X4 INV_X8 INV_X16 INV_X32
Total number of usable inverters: 6
List of unusable inverters:
Total number of unusable inverters: 0
List of identified usable delay cells:
Total number of identified usable delay cells: 0
List of identified unusable delay cells:
Total number of identified unusable delay cells: 0
No delay cells were detected in the set of buffers. Buffers will be used to fix hold violations.
Reading floorplan file - /home/host/aes_baseline/outputs/aes_placed_raw.enc.dat/aes_cipher_top.fp.gz (mem = 981.0M).
% Begin Load floorplan data ... (date=08/16 19:15:33, mem=794.1M)
*info: reset 10849 existing net BottomPreferredLayer and AvoidDetour
Deleting old partition specification.
Set FPlanBox to (0 0 355680 353920)
Generated pitch 1.68 in metal10 is different from 1.6 defined in technology file in preferred direction.
Generated pitch 0.84 in metal8 is different from 0.8 defined in technology file in preferred direction.
Generated pitch 0.84 in metal7 is different from 0.8 defined in technology file in preferred direction.
 ... processed partition successfully.
Reading binary special route file /home/host/aes_baseline/outputs/aes_placed_raw.enc.dat/aes_cipher_top.fp.spr.gz (Created by Innovus v19.10-p002_1 on Fri Aug 14 18:53:59 2026, version: 1)
Extracting standard cell pins and blockage ...... 
Pin and blockage extraction finished
Delete all existing relative floorplan constraints.
% End Load floorplan data ... (date=08/16 19:15:33, total cpu=0:00:00.1, real=0:00:00.0, peak res=795.8M, current mem=795.8M)
Reading congestion map file /home/host/aes_baseline/outputs/aes_placed_raw.enc.dat/aes_cipher_top.route.congmap.gz ...
% Begin Load SymbolTable ... (date=08/16 19:15:33, mem=795.9M)
Suppress "**WARN ..." messages.
Un-suppress "**WARN ..." messages.
% End Load SymbolTable ... (date=08/16 19:15:33, total cpu=0:00:00.0, real=0:00:00.0, peak res=797.1M, current mem=797.1M)
Loading place ...
% Begin Load placement data ... (date=08/16 19:15:33, mem=797.1M)
Reading placement file - /home/host/aes_baseline/outputs/aes_placed_raw.enc.dat/aes_cipher_top.place.gz.
** Reading stdCellPlacement_binary (Created by Innovus v19.10-p002_1 on Fri Aug 14 18:53:59 2026, version# 2) ...
Read Views for adaptive view pruning ...
Read 0 views from Binary DB for adaptive view pruning
*** Checked 2 GNC rules.
*** applyConnectGlobalNets disabled.
*** Completed restorePlace (cpu=0:00:00.0 real=0:00:00.0 mem=977.0M) ***
Total net length = 1.417e+05 (7.349e+04 6.821e+04) (ext = 1.059e+04)
% End Load placement data ... (date=08/16 19:15:33, total cpu=0:00:00.0, real=0:00:00.0, peak res=797.7M, current mem=797.7M)
Reading PG file /home/host/aes_baseline/outputs/aes_placed_raw.enc.dat/aes_cipher_top.pg.gz
*** Completed restorePGFile (cpu=0:00:00.0 real=0:00:00.0 mem=974.0M) ***
% Begin Load routing data ... (date=08/16 19:15:33, mem=797.9M)
Reading routing file - /home/host/aes_baseline/outputs/aes_placed_raw.enc.dat/aes_cipher_top.route.gz.
Reading Innovus routing data (Created by Innovus v19.10-p002_1 on Fri Aug 14 18:53:59 2026 Format: 19.1) ...
*** Total 10818 nets are successfully restored.
*** Completed restoreRoute (cpu=0:00:00.1 real=0:00:00.0 mem=974.0M) ***
% End Load routing data ... (date=08/16 19:15:33, total cpu=0:00:00.1, real=0:00:00.0, peak res=811.0M, current mem=811.0M)
TAT_INFO: restoreCongMap REAL = 0 : CPU = 0 : MEM = 0.
Reading property file /home/host/aes_baseline/outputs/aes_placed_raw.enc.dat/aes_cipher_top.prop
*** Completed restoreProperty (cpu=0:00:00.0 real=0:00:01.0 mem=979.0M) ***
Set Default Input Pin Transition as 0.1 ps.
Updating RC grid for preRoute extraction ...
Initializing multi-corner capacitance tables ... 
Initializing multi-corner resistance tables ...
Start generating vias ...
#Skip building auto via since it is not turned on.
Via generation completed.
% Begin Load power constraints ... (date=08/16 19:15:34, mem=811.9M)
source /home/host/aes_baseline/outputs/aes_placed_raw.enc.dat/aes_cipher_top_power_constraints.tcl
% End Load power constraints ... (date=08/16 19:15:34, total cpu=0:00:00.0, real=0:00:00.0, peak res=811.9M, current mem=811.9M)
% Begin load AAE data ... (date=08/16 19:15:34, mem=811.9M)
AAE DB initialization (MEM=993.102 CPU=0:00:00.2 REAL=0:00:00.0) 
% End load AAE data ... (date=08/16 19:15:34, total cpu=0:00:00.2, real=0:00:00.0, peak res=812.9M, current mem=812.9M)
Total number of combinational cells: 100
Total number of sequential cells: 29
Total number of tristate cells: 6
Total number of level shifter cells: 0
Total number of power gating cells: 0
Total number of isolation cells: 0
Total number of power switch cells: 0
Total number of pulse generator cells: 0
Total number of always on buffers: 0
Total number of retention cells: 0
List of usable buffers: BUF_X1 BUF_X2 BUF_X4 BUF_X8 BUF_X16 BUF_X32 CLKBUF_X1 CLKBUF_X2 CLKBUF_X3
Total number of usable buffers: 9
List of unusable buffers:
Total number of unusable buffers: 0
List of usable inverters: INV_X1 INV_X2 INV_X4 INV_X8 INV_X16 INV_X32
Total number of usable inverters: 6
List of unusable inverters:
Total number of unusable inverters: 0
List of identified usable delay cells:
Total number of identified usable delay cells: 0
List of identified unusable delay cells:
Total number of identified unusable delay cells: 0
No delay cells were detected in the set of buffers. Buffers will be used to fix hold violations.
**WARN: (IMPCTE-107):	The following globals have been obsoleted since version 19.10-p002_1. They will be removed in the next release. 
timing_enable_default_delay_arc
#% End load design ... (date=08/16 19:15:34, total cpu=0:00:02.2, real=0:00:03.0, peak res=853.8M, current mem=812.9M)

*** Summary of all messages that are not suppressed in this session:
Severity  ID               Count  Summary                                  
WARNING   IMPTS-124            2  Timing library description of pin '%s' i...
WARNING   IMPCK-8086           1  The command %s is obsolete and will be r...
WARNING   IMPVL-159            2  Pin '%s' of cell '%s' is defined in LEF ...
ERROR     IMPOAX-820           2  The OA features are disabled in the curr...
ERROR     IMPOAX-850           2  %s command cannot be run as OA features ...
WARNING   IMPCTE-107           1  The following globals have been obsolete...
*** Message Summary: 6 warning(s), 4 error(s)

DATASET_STAGE aes_placed_raw STATUS available
#% Begin load design ... (date=08/16 19:15:39, mem=860.0M)
##  Process: 90            (User Set)               
##     Node: (not set)                           

##  Check design process and node:  
##  Design tech node is not set.

Free PSO.
Reset cap table.
Cleaning up the current multi-corner RC extraction setup.
**WARN: (IMPCK-8086):	The command setCTSMode is obsolete and will be removed in the next release. This command still works in this release, but by the next release you must transition to the CCOpt-based CTS flow.
**ERROR: (IMPOAX-820):	The OA features are disabled in the current session of Innovus because the oax shared library could not be loaded properly. This could be because your installation was not properly configured. To enable OA features, exit the current session and re-launch Innovus either after fixing your installation by running the Configure Installation phase, or after setting the OA_HOME variable to point to a proper OA installation. Check the "OpenAccess Installation and Configuration Guide" manual for more information.

**ERROR: (IMPOAX-850):	oaxCleanupData command cannot be run as OA features are disabled in this session.
Set DBUPerIGU to 1000.
Set net toggle Scale Factor to 1.00
Set Shrink Factor to 1.00000
Set net toggle Scale Factor to 1.00
Set Shrink Factor to 1.00000

*** Memory Usage v#1 (Current mem = 846.934M, initial mem = 270.344M) ***


Info (SM2C): Status of key globals:
	 MMMC-by-default flow     : 1
	 Default MMMC objs envvar : 0
	 Data portability         : 0
	 MMMC PV Emulation        : 0
	 MMMC debug               : 0
	 Init_Design flow         : 1


	 CTE SM2C global          : false
	 Reporting view filter    : false
Set Default Input Pin Transition as 0.1 ps.
Loading design 'aes_cipher_top' saved by 'Innovus' '19.10-p002_1' on 'Fri Aug 14 18:52:35 2026'.
**ERROR: (IMPOAX-820):	The OA features are disabled in the current session of Innovus because the oax shared library could not be loaded properly. This could be because your installation was not properly configured. To enable OA features, exit the current session and re-launch Innovus either after fixing your installation by running the Configure Installation phase, or after setting the OA_HOME variable to point to a proper OA installation. Check the "OpenAccess Installation and Configuration Guide" manual for more information.

**ERROR: (IMPOAX-850):	oaxCreateCdsLibArray command cannot be run as OA features are disabled in this session.
% Begin Load MMMC data ... (date=08/16 19:15:39, mem=624.2M)
% End Load MMMC data ... (date=08/16 19:15:39, total cpu=0:00:00.0, real=0:00:00.0, peak res=624.2M, current mem=624.2M)

Loading LEF file /home/host/aes_baseline/outputs/aes_power.enc.dat/libs/lef/NangateOpenCellLibrary.tech.lef ...

Loading LEF file /home/host/aes_baseline/outputs/aes_power.enc.dat/libs/lef/NangateOpenCellLibrary.macro.mod.lef ...
Set DBUPerIGU to M2 pitch 380.

viaInitial starts at Sun Aug 16 19:15:39 2026
viaInitial ends at Sun Aug 16 19:15:39 2026

##  Check design process and node:  
##  Design tech node is not set.

Loading view definition file from /home/host/aes_baseline/outputs/aes_power.enc.dat/viewDefinition.tcl
Reading LIBSET_TYP timing library '/home/host/aes_baseline/outputs/aes_power.enc.dat/libs/mmmc/NangateOpenCellLibrary_typical.lib' ...
Read 135 cells in library 'NangateOpenCellLibrary' 
*** End library_loading (cpu=0.00min, real=0.02min, mem=8.0M, fe_cpu=0.98min, fe_real=0.97min, fe_mem=857.0M) ***
% Begin Load netlist data ... (date=08/16 19:15:40, mem=620.4M)
*** Begin netlist parsing (mem=857.0M) ***
**WARN: (IMPVL-159):	Pin 'Z' of cell 'LOGIC1_X1' is defined in LEF but not in the timing library.
**WARN: (IMPVL-159):	Pin 'Z' of cell 'LOGIC0_X1' is defined in LEF but not in the timing library.
Created 135 new cells from 1 timing libraries.
Reading netlist ...
Backslashed names will retain backslash and a trailing blank character.
Reading verilogBinary netlist '/home/host/aes_baseline/outputs/aes_power.enc.dat/aes_cipher_top.v.bin'
Reading binary database version 2 in 1-threaded mode

*** Memory Usage v#1 (Current mem = 863.039M, initial mem = 270.344M) ***
*** End netlist parsing (cpu=0:00:00.0, real=0:00:00.0, mem=863.0M) ***
% End Load netlist data ... (date=08/16 19:15:40, total cpu=0:00:00.0, real=0:00:00.0, peak res=627.5M, current mem=627.5M)
Set top cell to aes_cipher_top.
**WARN: (IMPTS-124):	Timing library description of pin 'Z' is missing from cell 'LOGIC1_X1' in timing library 'NangateOpenCellLibrary'.
**WARN: (IMPTS-124):	Timing library description of pin 'Z' is missing from cell 'LOGIC0_X1' in timing library 'NangateOpenCellLibrary'.
Hooked 135 DB cells to tlib cells.
Starting recursive module instantiation check.
No recursion found.
Building hierarchical netlist for Cell aes_cipher_top ...
*** Netlist is unique.
** info: there are 136 modules.
** info: there are 9995 stdCell insts.

*** Memory Usage v#1 (Current mem = 855.039M, initial mem = 270.344M) ***
*info: set bottom ioPad orient R0
Generated pitch 1.68 in metal10 is different from 1.6 defined in technology file in preferred direction.
Generated pitch 0.84 in metal8 is different from 0.8 defined in technology file in preferred direction.
Generated pitch 0.84 in metal7 is different from 0.8 defined in technology file in preferred direction.
Set Default Net Delay as 1000 ps.
Set Default Net Load as 0.5 pF. 
Set Default Input Pin Transition as 0.1 ps.
Loading preference file /home/host/aes_baseline/outputs/aes_power.enc.dat/gui.pref.tcl ...
**WARN: analysis view VIEW_TYP not found, use default_view_setup
**WARN: analysis view VIEW_TYP not found, use default_view_setup
**WARN: analysis view VIEW_TYP not found, use default_view_setup
**WARN: analysis view VIEW_TYP not found, use default_view_setup
**WARN: analysis view VIEW_TYP not found, use default_view_setup
**WARN: analysis view VIEW_TYP not found, use default_view_setup
**WARN: analysis view VIEW_TYP not found, use default_view_setup
Extraction setup Started 
Initializing multi-corner RC extraction with 1 active RC Corners ...
Reading Capacitance Table File /home/host/aes_baseline/outputs/aes_power.enc.dat/libs/mmmc/NangateOpenCellLibrary.captable ...
Cap table was created using Encounter 08.10-p004_1.
Process name: master_techFreePDK45.
Importing multi-corner RC tables ... 
Summary of Active RC-Corners : 
 
 Analysis View: VIEW_TYP
    RC-Corner Name        : RC_TYP
    RC-Corner Index       : 0
    RC-Corner Temperature : 25 Celsius
    RC-Corner Cap Table   : '/home/host/aes_baseline/outputs/aes_power.enc.dat/libs/mmmc/NangateOpenCellLibrary.captable'
    RC-Corner PreRoute Res Factor         : 1
    RC-Corner PreRoute Cap Factor         : 1
    RC-Corner PostRoute Res Factor        : 1 {1 1 1}
    RC-Corner PostRoute Cap Factor        : 1 {1 1 1}
    RC-Corner PostRoute XCap Factor       : 1 {1 1 1}
    RC-Corner PreRoute Clock Res Factor   : 1	[Derived from postRoute_res (effortLevel low)]
    RC-Corner PreRoute Clock Cap Factor   : 1	[Derived from postRoute_cap (effortLevel low)]
    RC-Corner PostRoute Clock Cap Factor  : 1 {1 1 1} 	[Derived from postRoute_cap (effortLevel low)]
    RC-Corner PostRoute Clock Res Factor  : 1 {1 1 1} 	[Derived from postRoute_res (effortLevel low)]
Updating RC grid for preRoute extraction ...
Initializing multi-corner capacitance tables ... 
Initializing multi-corner resistance tables ...
*Info: initialize multi-corner CTS.
Reading timing constraints file '/home/host/aes_baseline/outputs/aes_power.enc.dat/libs/mmmc/aes.sdc' ...
Current (total cpu=0:00:59.4, real=0:00:57.0, peak res=866.8M, current mem=779.2M)
INFO (CTE): Constraints read successfully.
Ending "Constraint file reading stats" (total cpu=0:00:00.0, real=0:00:00.0, peak res=789.3M, current mem=789.3M)
Current (total cpu=0:00:59.4, real=0:00:57.0, peak res=866.8M, current mem=789.3M)
Total number of combinational cells: 100
Total number of sequential cells: 29
Total number of tristate cells: 6
Total number of level shifter cells: 0
Total number of power gating cells: 0
Total number of isolation cells: 0
Total number of power switch cells: 0
Total number of pulse generator cells: 0
Total number of always on buffers: 0
Total number of retention cells: 0
List of usable buffers: BUF_X1 BUF_X2 BUF_X4 BUF_X8 BUF_X16 BUF_X32 CLKBUF_X1 CLKBUF_X2 CLKBUF_X3
Total number of usable buffers: 9
List of unusable buffers:
Total number of unusable buffers: 0
List of usable inverters: INV_X1 INV_X2 INV_X4 INV_X8 INV_X16 INV_X32
Total number of usable inverters: 6
List of unusable inverters:
Total number of unusable inverters: 0
List of identified usable delay cells:
Total number of identified usable delay cells: 0
List of identified unusable delay cells:
Total number of identified unusable delay cells: 0
No delay cells were detected in the set of buffers. Buffers will be used to fix hold violations.
Reading floorplan file - /home/host/aes_baseline/outputs/aes_power.enc.dat/aes_cipher_top.fp.gz (mem = 989.0M).
% Begin Load floorplan data ... (date=08/16 19:15:40, mem=789.8M)
*info: reset 10849 existing net BottomPreferredLayer and AvoidDetour
Deleting old partition specification.
Set FPlanBox to (0 0 355680 353920)
Generated pitch 1.68 in metal10 is different from 1.6 defined in technology file in preferred direction.
Generated pitch 0.84 in metal8 is different from 0.8 defined in technology file in preferred direction.
Generated pitch 0.84 in metal7 is different from 0.8 defined in technology file in preferred direction.
 ... processed partition successfully.
Reading binary special route file /home/host/aes_baseline/outputs/aes_power.enc.dat/aes_cipher_top.fp.spr.gz (Created by Innovus v19.10-p002_1 on Fri Aug 14 18:52:33 2026, version: 1)
Extracting standard cell pins and blockage ...... 
Pin and blockage extraction finished
Delete all existing relative floorplan constraints.
% End Load floorplan data ... (date=08/16 19:15:40, total cpu=0:00:00.1, real=0:00:00.0, peak res=789.9M, current mem=789.9M)
Reading congestion map file /home/host/aes_baseline/outputs/aes_power.enc.dat/aes_cipher_top.route.congmap.gz ...
% Begin Load SymbolTable ... (date=08/16 19:15:40, mem=789.9M)
% End Load SymbolTable ... (date=08/16 19:15:41, total cpu=0:00:00.1, real=0:00:01.0, peak res=790.4M, current mem=790.4M)
Loading place ...
% Begin Load placement data ... (date=08/16 19:15:41, mem=790.4M)
Reading placement file - /home/host/aes_baseline/outputs/aes_power.enc.dat/aes_cipher_top.place.gz.
** Reading stdCellPlacement_binary (Created by Innovus v19.10-p002_1 on Fri Aug 14 18:52:34 2026, version# 2) ...
Read Views for adaptive view pruning ...
Read 0 views from Binary DB for adaptive view pruning
*** Checked 2 GNC rules.
*** applyConnectGlobalNets disabled.
*** Completed restorePlace (cpu=0:00:00.0 real=0:00:00.0 mem=986.0M) ***
Total net length = 1.043e+01 (5.214e+00 5.214e+00) (ext = 0.000e+00)
% End Load placement data ... (date=08/16 19:15:41, total cpu=0:00:00.0, real=0:00:00.0, peak res=790.4M, current mem=790.4M)
Reading PG file /home/host/aes_baseline/outputs/aes_power.enc.dat/aes_cipher_top.pg.gz
*** Completed restorePGFile (cpu=0:00:00.0 real=0:00:00.0 mem=983.0M) ***
% Begin Load routing data ... (date=08/16 19:15:41, mem=790.4M)
Reading routing file - /home/host/aes_baseline/outputs/aes_power.enc.dat/aes_cipher_top.route.gz.
Reading Innovus routing data (Created by Innovus v19.10-p002_1 on Fri Aug 14 18:52:34 2026 Format: 19.1) ...
*** Total 10818 nets are successfully restored.
*** Completed restoreRoute (cpu=0:00:00.0 real=0:00:00.0 mem=983.0M) ***
% End Load routing data ... (date=08/16 19:15:41, total cpu=0:00:00.0, real=0:00:00.0, peak res=790.4M, current mem=790.4M)
TAT_INFO: restoreCongMap REAL = 1 : CPU = 0 : MEM = 0.
Reading property file /home/host/aes_baseline/outputs/aes_power.enc.dat/aes_cipher_top.prop
*** Completed restoreProperty (cpu=0:00:00.0 real=0:00:00.0 mem=988.0M) ***
**ERROR: (IMPPP-109):	Invalid line 57 in file "/home/host/aes_baseline/outputs/aes_power.enc.dat/aes_cipher_top.ppcmd".
Set Default Input Pin Transition as 0.1 ps.
Updating RC grid for preRoute extraction ...
Initializing multi-corner capacitance tables ... 
Initializing multi-corner resistance tables ...
Start generating vias ...
#Skip building auto via since it is not turned on.
Via generation completed.
% Begin Load power constraints ... (date=08/16 19:15:41, mem=791.3M)
source /home/host/aes_baseline/outputs/aes_power.enc.dat/aes_cipher_top_power_constraints.tcl
% End Load power constraints ... (date=08/16 19:15:41, total cpu=0:00:00.0, real=0:00:00.0, peak res=791.3M, current mem=791.3M)
% Begin load AAE data ... (date=08/16 19:15:41, mem=791.3M)
**WARN: (IMPESI-621):	Timing window restoration data eosdb.dat not found. PBA-SI results may not match in save/restore flow.
% End load AAE data ... (date=08/16 19:15:41, total cpu=0:00:00.0, real=0:00:00.0, peak res=791.3M, current mem=791.3M)
Total number of combinational cells: 100
Total number of sequential cells: 29
Total number of tristate cells: 6
Total number of level shifter cells: 0
Total number of power gating cells: 0
Total number of isolation cells: 0
Total number of power switch cells: 0
Total number of pulse generator cells: 0
Total number of always on buffers: 0
Total number of retention cells: 0
List of usable buffers: BUF_X1 BUF_X2 BUF_X4 BUF_X8 BUF_X16 BUF_X32 CLKBUF_X1 CLKBUF_X2 CLKBUF_X3
Total number of usable buffers: 9
List of unusable buffers:
Total number of unusable buffers: 0
List of usable inverters: INV_X1 INV_X2 INV_X4 INV_X8 INV_X16 INV_X32
Total number of usable inverters: 6
List of unusable inverters:
Total number of unusable inverters: 0
List of identified usable delay cells:
Total number of identified usable delay cells: 0
List of identified unusable delay cells:
Total number of identified unusable delay cells: 0
No delay cells were detected in the set of buffers. Buffers will be used to fix hold violations.
**WARN: (IMPCTE-107):	The following globals have been obsoleted since version 19.10-p002_1. They will be removed in the next release. 
timing_enable_default_delay_arc
#% End load design ... (date=08/16 19:15:41, total cpu=0:00:01.7, real=0:00:02.0, peak res=860.0M, current mem=790.9M)

*** Summary of all messages that are not suppressed in this session:
Severity  ID               Count  Summary                                  
WARNING   IMPTS-124            2  Timing library description of pin '%s' i...
WARNING   IMPCK-8086           1  The command %s is obsolete and will be r...
WARNING   IMPVL-159            2  Pin '%s' of cell '%s' is defined in LEF ...
WARNING   IMPESI-621           1  Timing window restoration data eosdb.dat...
ERROR     IMPPP-109            1  Invalid line %d in file "%s".            
ERROR     IMPOAX-820           2  The OA features are disabled in the curr...
ERROR     IMPOAX-850           2  %s command cannot be run as OA features ...
WARNING   IMPCTE-107           1  The following globals have been obsolete...
*** Message Summary: 7 warning(s), 5 error(s)

DATASET_STAGE aes_power STATUS available
#% Begin load design ... (date=08/16 19:15:45, mem=836.9M)
Free PSO.
Reset cap table.
Cleaning up the current multi-corner RC extraction setup.
**WARN: (IMPCK-8086):	The command setCTSMode is obsolete and will be removed in the next release. This command still works in this release, but by the next release you must transition to the CCOpt-based CTS flow.
**ERROR: (IMPOAX-820):	The OA features are disabled in the current session of Innovus because the oax shared library could not be loaded properly. This could be because your installation was not properly configured. To enable OA features, exit the current session and re-launch Innovus either after fixing your installation by running the Configure Installation phase, or after setting the OA_HOME variable to point to a proper OA installation. Check the "OpenAccess Installation and Configuration Guide" manual for more information.

**ERROR: (IMPOAX-850):	oaxCleanupData command cannot be run as OA features are disabled in this session.
Set DBUPerIGU to 1000.
Set net toggle Scale Factor to 1.00
Set Shrink Factor to 1.00000
Set net toggle Scale Factor to 1.00
Set Shrink Factor to 1.00000

*** Memory Usage v#1 (Current mem = 854.566M, initial mem = 270.344M) ***


Info (SM2C): Status of key globals:
	 MMMC-by-default flow     : 1
	 Default MMMC objs envvar : 0
	 Data portability         : 0
	 MMMC PV Emulation        : 0
	 MMMC debug               : 0
	 Init_Design flow         : 1


	 CTE SM2C global          : false
	 Reporting view filter    : false
Set Default Input Pin Transition as 0.1 ps.
Loading design 'aes_cipher_top' saved by 'Innovus' '19.10-p002_1' on 'Fri Aug 14 20:29:52 2026'.
**ERROR: (IMPOAX-820):	The OA features are disabled in the current session of Innovus because the oax shared library could not be loaded properly. This could be because your installation was not properly configured. To enable OA features, exit the current session and re-launch Innovus either after fixing your installation by running the Configure Installation phase, or after setting the OA_HOME variable to point to a proper OA installation. Check the "OpenAccess Installation and Configuration Guide" manual for more information.

**ERROR: (IMPOAX-850):	oaxCreateCdsLibArray command cannot be run as OA features are disabled in this session.
% Begin Load MMMC data ... (date=08/16 19:15:46, mem=626.5M)
% End Load MMMC data ... (date=08/16 19:15:46, total cpu=0:00:00.0, real=0:00:00.0, peak res=626.5M, current mem=626.5M)

Loading LEF file /home/host/aes_baseline/outputs/aes_route.enc.dat/libs/lef/NangateOpenCellLibrary.tech.lef ...

Loading LEF file /home/host/aes_baseline/outputs/aes_route.enc.dat/libs/lef/NangateOpenCellLibrary.macro.mod.lef ...
Set DBUPerIGU to M2 pitch 380.

viaInitial starts at Sun Aug 16 19:15:46 2026
viaInitial ends at Sun Aug 16 19:15:46 2026

##  Check design process and node:  
##  Design tech node is not set.

Loading view definition file from /home/host/aes_baseline/outputs/aes_route.enc.dat/viewDefinition.tcl
Reading LIBSET_TYP timing library '/home/host/aes_baseline/outputs/aes_route.enc.dat/libs/mmmc/NangateOpenCellLibrary_typical.lib' ...
Read 135 cells in library 'NangateOpenCellLibrary' 
*** End library_loading (cpu=0.01min, real=0.00min, mem=17.0M, fe_cpu=1.08min, fe_real=1.07min, fe_mem=873.7M) ***
% Begin Load netlist data ... (date=08/16 19:15:46, mem=622.3M)
*** Begin netlist parsing (mem=873.7M) ***
**WARN: (IMPVL-159):	Pin 'Z' of cell 'LOGIC1_X1' is defined in LEF but not in the timing library.
**WARN: (IMPVL-159):	Pin 'Z' of cell 'LOGIC0_X1' is defined in LEF but not in the timing library.
Created 135 new cells from 1 timing libraries.
Reading netlist ...
Backslashed names will retain backslash and a trailing blank character.
Reading verilogBinary netlist '/home/host/aes_baseline/outputs/aes_route.enc.dat/vbin/aes_cipher_top.v.bin'
Reading binary database version 2 in 1-threaded mode

*** Memory Usage v#1 (Current mem = 882.672M, initial mem = 270.344M) ***
*** End netlist parsing (cpu=0:00:00.0, real=0:00:00.0, mem=882.7M) ***
% End Load netlist data ... (date=08/16 19:15:46, total cpu=0:00:00.0, real=0:00:00.0, peak res=630.2M, current mem=630.2M)
Set top cell to aes_cipher_top.
**WARN: (IMPTS-124):	Timing library description of pin 'Z' is missing from cell 'LOGIC1_X1' in timing library 'NangateOpenCellLibrary'.
**WARN: (IMPTS-124):	Timing library description of pin 'Z' is missing from cell 'LOGIC0_X1' in timing library 'NangateOpenCellLibrary'.
Hooked 135 DB cells to tlib cells.
Starting recursive module instantiation check.
No recursion found.
Building hierarchical netlist for Cell aes_cipher_top ...
*** Netlist is unique.
** info: there are 136 modules.
** info: there are 11773 stdCell insts.

*** Memory Usage v#1 (Current mem = 870.672M, initial mem = 270.344M) ***
*info: set bottom ioPad orient R0
Generated pitch 1.68 in metal10 is different from 1.6 defined in technology file in preferred direction.
Generated pitch 0.84 in metal8 is different from 0.8 defined in technology file in preferred direction.
Generated pitch 0.84 in metal7 is different from 0.8 defined in technology file in preferred direction.
Set Default Net Delay as 1000 ps.
Set Default Net Load as 0.5 pF. 
Set Default Input Pin Transition as 0.1 ps.
Loading preference file /home/host/aes_baseline/outputs/aes_route.enc.dat/gui.pref.tcl ...
##  Process: 45            (User Set)               
##     Node: (not set)                           

##  Check design process and node:  
##  Design tech node is not set.

Applying the recommended capacitance filtering threshold values for 45nm process node: total_c_th=0, relative_c_th=1 and coupling_c_th=0.1.
	These values will be used by all post-route extraction engines, including TQuantus, IQuantus and Quantus QRC extraction.
	Capacitance filtering mode(-capFilterMode option of the setExtractRCMode) is 'relAndCoup' for all engines.
	The accuracy mode for postRoute effortLevel low extraction will be set to 'high'.
	Default value for EffortLevel(-effortLevel option of the setExtractRCMode) in postRoute extraction mode will be 'medium' if Quantus QRC technology file is specified else 'low'.
**WARN: (IMPTCM-77):	Option "-drouteStartIteration" for command setNanoRouteMode is obsolete and will be removed in a future release. The obsolete option still works in this release but to avoid this warning and to ensure compatibility with future releases, remove the obsolete option from your script.
**WARN: analysis view VIEW_TYP not found, use default_view_setup
**WARN: analysis view VIEW_TYP not found, use default_view_setup
**WARN: analysis view VIEW_TYP not found, use default_view_setup
**WARN: analysis view VIEW_TYP not found, use default_view_setup
**WARN: analysis view VIEW_TYP not found, use default_view_setup
**WARN: analysis view VIEW_TYP not found, use default_view_setup
**WARN: analysis view VIEW_TYP not found, use default_view_setup
**WARN: analysis view VIEW_TYP not found, use default_view_setup
Extraction setup Started 
Initializing multi-corner RC extraction with 1 active RC Corners ...
Reading Capacitance Table File /home/host/aes_baseline/outputs/aes_route.enc.dat/libs/mmmc/NangateOpenCellLibrary.captable ...
Cap table was created using Encounter 08.10-p004_1.
Process name: master_techFreePDK45.
Importing multi-corner RC tables ... 
Summary of Active RC-Corners : 
 
 Analysis View: VIEW_TYP
    RC-Corner Name        : RC_TYP
    RC-Corner Index       : 0
    RC-Corner Temperature : 25 Celsius
    RC-Corner Cap Table   : '/home/host/aes_baseline/outputs/aes_route.enc.dat/libs/mmmc/NangateOpenCellLibrary.captable'
    RC-Corner PreRoute Res Factor         : 1
    RC-Corner PreRoute Cap Factor         : 1
    RC-Corner PostRoute Res Factor        : 1 {1 1 1}
    RC-Corner PostRoute Cap Factor        : 1 {1 1 1}
    RC-Corner PostRoute XCap Factor       : 1 {1 1 1}
    RC-Corner PreRoute Clock Res Factor   : 1	[Derived from postRoute_res (effortLevel low)]
    RC-Corner PreRoute Clock Cap Factor   : 1	[Derived from postRoute_cap (effortLevel low)]
    RC-Corner PostRoute Clock Cap Factor  : 1 {1 1 1} 	[Derived from postRoute_cap (effortLevel low)]
    RC-Corner PostRoute Clock Res Factor  : 1 {1 1 1} 	[Derived from postRoute_res (effortLevel low)]
Initializing multi-corner capacitance tables ... 
Initializing multi-corner resistance tables ...
*Info: initialize multi-corner CTS.
Reading timing constraints file '/home/host/aes_baseline/outputs/aes_route.enc.dat/mmmc/modes/FUNC/FUNC.sdc' ...
Current (total cpu=0:01:05, real=0:01:03, peak res=866.8M, current mem=793.0M)
aes_cipher_top
INFO (CTE): Constraints read successfully.
Ending "Constraint file reading stats" (total cpu=0:00:00.1, real=0:00:00.0, peak res=803.2M, current mem=803.2M)
Current (total cpu=0:01:05, real=0:01:03, peak res=866.8M, current mem=803.2M)
Reading latency file '/home/host/aes_baseline/outputs/aes_route.enc.dat/mmmc/views/VIEW_TYP/latency.sdc' ...
Total number of combinational cells: 100
Total number of sequential cells: 29
Total number of tristate cells: 6
Total number of level shifter cells: 0
Total number of power gating cells: 0
Total number of isolation cells: 0
Total number of power switch cells: 0
Total number of pulse generator cells: 0
Total number of always on buffers: 0
Total number of retention cells: 0
List of usable buffers: BUF_X1 BUF_X2 BUF_X4 BUF_X8 BUF_X16 BUF_X32 CLKBUF_X1 CLKBUF_X2 CLKBUF_X3
Total number of usable buffers: 9
List of unusable buffers:
Total number of unusable buffers: 0
List of usable inverters: INV_X1 INV_X2 INV_X4 INV_X8 INV_X16 INV_X32
Total number of usable inverters: 6
List of unusable inverters:
Total number of unusable inverters: 0
List of identified usable delay cells:
Total number of identified usable delay cells: 0
List of identified unusable delay cells:
Total number of identified unusable delay cells: 0
No delay cells were detected in the set of buffers. Buffers will be used to fix hold violations.
Reading floorplan file - /home/host/aes_baseline/outputs/aes_route.enc.dat/aes_cipher_top.fp.gz (mem = 1010.1M).
% Begin Load floorplan data ... (date=08/16 19:15:46, mem=803.9M)
*info: reset 12627 existing net BottomPreferredLayer and AvoidDetour
Deleting old partition specification.
Set FPlanBox to (0 0 355680 353920)
Generated pitch 1.68 in metal10 is different from 1.6 defined in technology file in preferred direction.
Generated pitch 0.84 in metal8 is different from 0.8 defined in technology file in preferred direction.
Generated pitch 0.84 in metal7 is different from 0.8 defined in technology file in preferred direction.
 ... processed partition successfully.
Reading binary special route file /home/host/aes_baseline/outputs/aes_route.enc.dat/aes_cipher_top.fp.spr.gz (Created by Innovus v19.10-p002_1 on Fri Aug 14 20:29:51 2026, version: 1)
There are 20 nets with weight being set
There are 20 nets with bottomPreferredRoutingLayer being set
There are 20 nets with avoidDetour being set
Extracting standard cell pins and blockage ...... 
Pin and blockage extraction finished
Delete all existing relative floorplan constraints.
% End Load floorplan data ... (date=08/16 19:15:47, total cpu=0:00:00.0, real=0:00:01.0, peak res=805.6M, current mem=805.6M)
Reading congestion map file /home/host/aes_baseline/outputs/aes_route.enc.dat/aes_cipher_top.route.congmap.gz ...
% Begin Load SymbolTable ... (date=08/16 19:15:47, mem=805.8M)
Suppress "**WARN ..." messages.
Un-suppress "**WARN ..." messages.
% End Load SymbolTable ... (date=08/16 19:15:47, total cpu=0:00:00.0, real=0:00:00.0, peak res=807.1M, current mem=807.1M)
Loading place ...
% Begin Load placement data ... (date=08/16 19:15:47, mem=807.1M)
Reading placement file - /home/host/aes_baseline/outputs/aes_route.enc.dat/aes_cipher_top.place.gz.
** Reading stdCellPlacement_binary (Created by Innovus v19.10-p002_1 on Fri Aug 14 20:29:51 2026, version# 2) ...
Read Views for adaptive view pruning ...
Read 0 views from Binary DB for adaptive view pruning
*** Checked 2 GNC rules.
*** applyConnectGlobalNets disabled.
*** Completed restorePlace (cpu=0:00:00.0 real=0:00:00.0 mem=1004.1M) ***
Total net length = 1.487e+05 (7.671e+04 7.198e+04) (ext = 9.167e+03)
% End Load placement data ... (date=08/16 19:15:47, total cpu=0:00:00.0, real=0:00:00.0, peak res=807.7M, current mem=807.7M)
Reading PG file /home/host/aes_baseline/outputs/aes_route.enc.dat/aes_cipher_top.pg.gz
*** Completed restorePGFile (cpu=0:00:00.0 real=0:00:00.0 mem=1001.1M) ***
% Begin Load routing data ... (date=08/16 19:15:47, mem=807.8M)
Reading routing file - /home/host/aes_baseline/outputs/aes_route.enc.dat/aes_cipher_top.route.gz.
Reading Innovus routing data (Created by Innovus v19.10-p002_1 on Fri Aug 14 20:29:51 2026 Format: 19.1) ...
*** Total 12596 nets are successfully restored.
*** Completed restoreRoute (cpu=0:00:00.1 real=0:00:00.0 mem=1001.1M) ***
% End Load routing data ... (date=08/16 19:15:47, total cpu=0:00:00.1, real=0:00:00.0, peak res=824.5M, current mem=824.5M)
TAT_INFO: restoreCongMap REAL = 0 : CPU = 0 : MEM = 0.
Reading property file /home/host/aes_baseline/outputs/aes_route.enc.dat/aes_cipher_top.prop
*** Completed restoreProperty (cpu=0:00:00.0 real=0:00:00.0 mem=1006.1M) ***
Set Default Input Pin Transition as 0.1 ps.
Initializing multi-corner capacitance tables ... 
Initializing multi-corner resistance tables ...
Start generating vias ...
#Skip building auto via since it is not turned on.
Via generation completed.
% Begin Load power constraints ... (date=08/16 19:15:48, mem=828.5M)
source /home/host/aes_baseline/outputs/aes_route.enc.dat/aes_cipher_top_power_constraints.tcl
'set_default_switching_activity' finished successfully.
% End Load power constraints ... (date=08/16 19:15:48, total cpu=0:00:00.0, real=0:00:00.0, peak res=828.5M, current mem=828.5M)
% Begin load AAE data ... (date=08/16 19:15:48, mem=828.5M)
AAE DB initialization (MEM=1022.16 CPU=0:00:00.2 REAL=0:00:00.0) 
% End load AAE data ... (date=08/16 19:15:48, total cpu=0:00:00.2, real=0:00:00.0, peak res=829.8M, current mem=829.8M)
Restoring CCOpt config...
  Extracting original clock gating for aes_clk...
    clock_tree aes_clk contains 562 sinks and 0 clock gates.
    Extraction for aes_clk complete.
  Extracting original clock gating for aes_clk done.
  The skew group aes_clk/FUNC was created. It contains 562 sinks and 1 sources.
  The skew group aes_clk/FUNC was created. It contains 562 sinks and 1 sources.
**WARN: (IMPCCOPT-2332):	The property adjacent_rows_legal is deprecated. It still works, but it may be removed in a future release.
Restoring CCOpt config done.
Total number of combinational cells: 100
Total number of sequential cells: 29
Total number of tristate cells: 6
Total number of level shifter cells: 0
Total number of power gating cells: 0
Total number of isolation cells: 0
Total number of power switch cells: 0
Total number of pulse generator cells: 0
Total number of always on buffers: 0
Total number of retention cells: 0
List of usable buffers: BUF_X1 BUF_X2 BUF_X4 BUF_X8 BUF_X16 BUF_X32 CLKBUF_X1 CLKBUF_X2 CLKBUF_X3
Total number of usable buffers: 9
List of unusable buffers:
Total number of unusable buffers: 0
List of usable inverters: INV_X1 INV_X2 INV_X4 INV_X8 INV_X16 INV_X32
Total number of usable inverters: 6
List of unusable inverters:
Total number of unusable inverters: 0
List of identified usable delay cells:
Total number of identified usable delay cells: 0
List of identified unusable delay cells:
Total number of identified unusable delay cells: 0
No delay cells were detected in the set of buffers. Buffers will be used to fix hold violations.
**WARN: (IMPCTE-107):	The following globals have been obsoleted since version 19.10-p002_1. They will be removed in the next release. 
timing_enable_default_delay_arc
#% End load design ... (date=08/16 19:15:48, total cpu=0:00:02.4, real=0:00:03.0, peak res=836.9M, current mem=830.1M)

*** Summary of all messages that are not suppressed in this session:
Severity  ID               Count  Summary                                  
WARNING   IMPTS-124            2  Timing library description of pin '%s' i...
WARNING   IMPCK-8086           1  The command %s is obsolete and will be r...
WARNING   IMPVL-159            2  Pin '%s' of cell '%s' is defined in LEF ...
WARNING   IMPCCOPT-2332        1  The property %s is deprecated. It still ...
ERROR     IMPOAX-820           2  The OA features are disabled in the curr...
ERROR     IMPOAX-850           2  %s command cannot be run as OA features ...
WARNING   IMPCTE-107           1  The following globals have been obsolete...
WARNING   IMPTCM-77            1  Option "%s" for command %s is obsolete a...
*** Message Summary: 8 warning(s), 4 error(s)

DATASET_STAGE aes_route STATUS available
#% Begin load design ... (date=08/16 19:15:59, mem=922.5M)
##  Process: 90            (User Set)               
##     Node: (not set)                           

##  Check design process and node:  
##  Design tech node is not set.

Free PSO.
Reset cap table.
Cleaning up the current multi-corner RC extraction setup.
AAE DB initialization (MEM=1069.41 CPU=0:00:00.2 REAL=0:00:00.0) 
**WARN: (IMPCK-8086):	The command setCTSMode is obsolete and will be removed in the next release. This command still works in this release, but by the next release you must transition to the CCOpt-based CTS flow.
**ERROR: (IMPOAX-820):	The OA features are disabled in the current session of Innovus because the oax shared library could not be loaded properly. This could be because your installation was not properly configured. To enable OA features, exit the current session and re-launch Innovus either after fixing your installation by running the Configure Installation phase, or after setting the OA_HOME variable to point to a proper OA installation. Check the "OpenAccess Installation and Configuration Guide" manual for more information.

**ERROR: (IMPOAX-850):	oaxCleanupData command cannot be run as OA features are disabled in this session.
Set DBUPerIGU to 1000.
Set net toggle Scale Factor to 1.00
Set Shrink Factor to 1.00000
Set net toggle Scale Factor to 1.00
Set Shrink Factor to 1.00000

*** Memory Usage v#1 (Current mem = 861.840M, initial mem = 270.344M) ***


Info (SM2C): Status of key globals:
	 MMMC-by-default flow     : 1
	 Default MMMC objs envvar : 0
	 Data portability         : 0
	 MMMC PV Emulation        : 0
	 MMMC debug               : 0
	 Init_Design flow         : 1


	 CTE SM2C global          : false
	 Reporting view filter    : false
Set Default Input Pin Transition as 0.1 ps.
Loading design 'aes_cipher_top' saved by 'Innovus' '19.10-p002_1' on 'Fri Aug 14 20:28:28 2026'.
**ERROR: (IMPOAX-820):	The OA features are disabled in the current session of Innovus because the oax shared library could not be loaded properly. This could be because your installation was not properly configured. To enable OA features, exit the current session and re-launch Innovus either after fixing your installation by running the Configure Installation phase, or after setting the OA_HOME variable to point to a proper OA installation. Check the "OpenAccess Installation and Configuration Guide" manual for more information.

**ERROR: (IMPOAX-850):	oaxCreateCdsLibArray command cannot be run as OA features are disabled in this session.
% Begin Load MMMC data ... (date=08/16 19:16:00, mem=640.9M)
% End Load MMMC data ... (date=08/16 19:16:00, total cpu=0:00:00.0, real=0:00:00.0, peak res=640.9M, current mem=640.9M)

Loading LEF file /home/host/aes_baseline/outputs/aes_routed_raw.enc.dat/libs/lef/NangateOpenCellLibrary.tech.lef ...

Loading LEF file /home/host/aes_baseline/outputs/aes_routed_raw.enc.dat/libs/lef/NangateOpenCellLibrary.macro.mod.lef ...
Set DBUPerIGU to M2 pitch 380.

viaInitial starts at Sun Aug 16 19:16:00 2026
viaInitial ends at Sun Aug 16 19:16:00 2026

##  Check design process and node:  
##  Design tech node is not set.

Loading view definition file from /home/host/aes_baseline/outputs/aes_routed_raw.enc.dat/viewDefinition.tcl
Reading LIBSET_TYP timing library '/home/host/aes_baseline/outputs/aes_routed_raw.enc.dat/libs/mmmc/NangateOpenCellLibrary_typical.lib' ...
Read 135 cells in library 'NangateOpenCellLibrary' 
*** End library_loading (cpu=0.01min, real=0.00min, mem=16.0M, fe_cpu=1.31min, fe_real=1.30min, fe_mem=879.9M) ***
% Begin Load netlist data ... (date=08/16 19:16:00, mem=635.9M)
*** Begin netlist parsing (mem=879.9M) ***
**WARN: (IMPVL-159):	Pin 'Z' of cell 'LOGIC1_X1' is defined in LEF but not in the timing library.
**WARN: (IMPVL-159):	Pin 'Z' of cell 'LOGIC0_X1' is defined in LEF but not in the timing library.
Created 135 new cells from 1 timing libraries.
Reading netlist ...
Backslashed names will retain backslash and a trailing blank character.
Reading verilogBinary netlist '/home/host/aes_baseline/outputs/aes_routed_raw.enc.dat/vbin/aes_cipher_top.v.bin'
Reading binary database version 2 in 1-threaded mode

*** Memory Usage v#1 (Current mem = 888.945M, initial mem = 270.344M) ***
*** End netlist parsing (cpu=0:00:00.0, real=0:00:00.0, mem=888.9M) ***
% End Load netlist data ... (date=08/16 19:16:00, total cpu=0:00:00.0, real=0:00:00.0, peak res=644.4M, current mem=644.4M)
Set top cell to aes_cipher_top.
**WARN: (IMPTS-124):	Timing library description of pin 'Z' is missing from cell 'LOGIC1_X1' in timing library 'NangateOpenCellLibrary'.
**WARN: (IMPTS-124):	Timing library description of pin 'Z' is missing from cell 'LOGIC0_X1' in timing library 'NangateOpenCellLibrary'.
Hooked 135 DB cells to tlib cells.
Starting recursive module instantiation check.
No recursion found.
Building hierarchical netlist for Cell aes_cipher_top ...
*** Netlist is unique.
** info: there are 136 modules.
** info: there are 11406 stdCell insts.

*** Memory Usage v#1 (Current mem = 909.945M, initial mem = 270.344M) ***
*info: set bottom ioPad orient R0
Generated pitch 1.68 in metal10 is different from 1.6 defined in technology file in preferred direction.
Generated pitch 0.84 in metal8 is different from 0.8 defined in technology file in preferred direction.
Generated pitch 0.84 in metal7 is different from 0.8 defined in technology file in preferred direction.
Set Default Net Delay as 1000 ps.
Set Default Net Load as 0.5 pF. 
Set Default Input Pin Transition as 0.1 ps.
Loading preference file /home/host/aes_baseline/outputs/aes_routed_raw.enc.dat/gui.pref.tcl ...
##  Process: 45            (User Set)               
##     Node: (not set)                           

##  Check design process and node:  
##  Design tech node is not set.

Applying the recommended capacitance filtering threshold values for 45nm process node: total_c_th=0, relative_c_th=1 and coupling_c_th=0.1.
	These values will be used by all post-route extraction engines, including TQuantus, IQuantus and Quantus QRC extraction.
	Capacitance filtering mode(-capFilterMode option of the setExtractRCMode) is 'relAndCoup' for all engines.
	The accuracy mode for postRoute effortLevel low extraction will be set to 'high'.
	Default value for EffortLevel(-effortLevel option of the setExtractRCMode) in postRoute extraction mode will be 'medium' if Quantus QRC technology file is specified else 'low'.
**WARN: analysis view VIEW_TYP not found, use default_view_setup
**WARN: analysis view VIEW_TYP not found, use default_view_setup
**WARN: analysis view VIEW_TYP not found, use default_view_setup
**WARN: analysis view VIEW_TYP not found, use default_view_setup
**WARN: analysis view VIEW_TYP not found, use default_view_setup
**WARN: analysis view VIEW_TYP not found, use default_view_setup
**WARN: analysis view VIEW_TYP not found, use default_view_setup
**WARN: analysis view VIEW_TYP not found, use default_view_setup
**WARN: analysis view VIEW_TYP not found, use default_view_setup
Extraction setup Started 
Initializing multi-corner RC extraction with 1 active RC Corners ...
Reading Capacitance Table File /home/host/aes_baseline/outputs/aes_routed_raw.enc.dat/libs/mmmc/NangateOpenCellLibrary.captable ...
Cap table was created using Encounter 08.10-p004_1.
Process name: master_techFreePDK45.
Importing multi-corner RC tables ... 
Summary of Active RC-Corners : 
 
 Analysis View: VIEW_TYP
    RC-Corner Name        : RC_TYP
    RC-Corner Index       : 0
    RC-Corner Temperature : 25 Celsius
    RC-Corner Cap Table   : '/home/host/aes_baseline/outputs/aes_routed_raw.enc.dat/libs/mmmc/NangateOpenCellLibrary.captable'
    RC-Corner PreRoute Res Factor         : 1
    RC-Corner PreRoute Cap Factor         : 1
    RC-Corner PostRoute Res Factor        : 1 {1 1 1}
    RC-Corner PostRoute Cap Factor        : 1 {1 1 1}
    RC-Corner PostRoute XCap Factor       : 1 {1 1 1}
    RC-Corner PreRoute Clock Res Factor   : 1	[Derived from postRoute_res (effortLevel low)]
    RC-Corner PreRoute Clock Cap Factor   : 1	[Derived from postRoute_cap (effortLevel low)]
    RC-Corner PostRoute Clock Cap Factor  : 1 {1 1 1} 	[Derived from postRoute_cap (effortLevel low)]
    RC-Corner PostRoute Clock Res Factor  : 1 {1 1 1} 	[Derived from postRoute_res (effortLevel low)]
Updating RC grid for preRoute extraction ...
Initializing multi-corner capacitance tables ... 
Initializing multi-corner resistance tables ...
*Info: initialize multi-corner CTS.
Reading timing constraints file '/home/host/aes_baseline/outputs/aes_routed_raw.enc.dat/mmmc/modes/FUNC/FUNC.sdc' ...
Current (total cpu=0:01:19, real=0:01:18, peak res=974.6M, current mem=803.5M)
aes_cipher_top
INFO (CTE): Constraints read successfully.
Ending "Constraint file reading stats" (total cpu=0:00:00.1, real=0:00:00.0, peak res=813.8M, current mem=813.8M)
Current (total cpu=0:01:19, real=0:01:18, peak res=974.6M, current mem=813.8M)
Reading latency file '/home/host/aes_baseline/outputs/aes_routed_raw.enc.dat/mmmc/views/VIEW_TYP/latency.sdc' ...
Total number of combinational cells: 100
Total number of sequential cells: 29
Total number of tristate cells: 6
Total number of level shifter cells: 0
Total number of power gating cells: 0
Total number of isolation cells: 0
Total number of power switch cells: 0
Total number of pulse generator cells: 0
Total number of always on buffers: 0
Total number of retention cells: 0
List of usable buffers: BUF_X1 BUF_X2 BUF_X4 BUF_X8 BUF_X16 BUF_X32 CLKBUF_X1 CLKBUF_X2 CLKBUF_X3
Total number of usable buffers: 9
List of unusable buffers:
Total number of unusable buffers: 0
List of usable inverters: INV_X1 INV_X2 INV_X4 INV_X8 INV_X16 INV_X32
Total number of usable inverters: 6
List of unusable inverters:
Total number of unusable inverters: 0
List of identified usable delay cells:
Total number of identified usable delay cells: 0
List of identified unusable delay cells:
Total number of identified unusable delay cells: 0
No delay cells were detected in the set of buffers. Buffers will be used to fix hold violations.
Reading floorplan file - /home/host/aes_baseline/outputs/aes_routed_raw.enc.dat/aes_cipher_top.fp.gz (mem = 1051.6M).
% Begin Load floorplan data ... (date=08/16 19:16:01, mem=814.6M)
*info: reset 12260 existing net BottomPreferredLayer and AvoidDetour
Deleting old partition specification.
Set FPlanBox to (0 0 355680 353920)
Generated pitch 1.68 in metal10 is different from 1.6 defined in technology file in preferred direction.
Generated pitch 0.84 in metal8 is different from 0.8 defined in technology file in preferred direction.
Generated pitch 0.84 in metal7 is different from 0.8 defined in technology file in preferred direction.
 ... processed partition successfully.
Reading binary special route file /home/host/aes_baseline/outputs/aes_routed_raw.enc.dat/aes_cipher_top.fp.spr.gz (Created by Innovus v19.10-p002_1 on Fri Aug 14 20:28:27 2026, version: 1)
There are 20 nets with weight being set
There are 20 nets with bottomPreferredRoutingLayer being set
There are 20 nets with avoidDetour being set
Extracting standard cell pins and blockage ...... 
Pin and blockage extraction finished
Delete all existing relative floorplan constraints.
% End Load floorplan data ... (date=08/16 19:16:01, total cpu=0:00:00.1, real=0:00:00.0, peak res=816.2M, current mem=816.2M)
Reading congestion map file /home/host/aes_baseline/outputs/aes_routed_raw.enc.dat/aes_cipher_top.route.congmap.gz ...
% Begin Load SymbolTable ... (date=08/16 19:16:01, mem=816.3M)
Suppress "**WARN ..." messages.
Un-suppress "**WARN ..." messages.
% End Load SymbolTable ... (date=08/16 19:16:02, total cpu=0:00:00.1, real=0:00:01.0, peak res=817.6M, current mem=817.6M)
Loading place ...
% Begin Load placement data ... (date=08/16 19:16:02, mem=817.6M)
Reading placement file - /home/host/aes_baseline/outputs/aes_routed_raw.enc.dat/aes_cipher_top.place.gz.
** Reading stdCellPlacement_binary (Created by Innovus v19.10-p002_1 on Fri Aug 14 20:28:27 2026, version# 2) ...
Read Views for adaptive view pruning ...
Read 0 views from Binary DB for adaptive view pruning
*** Checked 2 GNC rules.
*** applyConnectGlobalNets disabled.
*** Completed restorePlace (cpu=0:00:00.0 real=0:00:00.0 mem=1046.6M) ***
Total net length = 1.455e+05 (7.554e+04 6.999e+04) (ext = 1.016e+04)
% End Load placement data ... (date=08/16 19:16:02, total cpu=0:00:00.0, real=0:00:00.0, peak res=818.1M, current mem=818.1M)
Reading PG file /home/host/aes_baseline/outputs/aes_routed_raw.enc.dat/aes_cipher_top.pg.gz
*** Completed restorePGFile (cpu=0:00:00.0 real=0:00:00.0 mem=1043.6M) ***
% Begin Load routing data ... (date=08/16 19:16:02, mem=818.3M)
Reading routing file - /home/host/aes_baseline/outputs/aes_routed_raw.enc.dat/aes_cipher_top.route.gz.
Reading Innovus routing data (Created by Innovus v19.10-p002_1 on Fri Aug 14 20:28:26 2026 Format: 19.1) ...
*** Total 12229 nets are successfully restored.
*** Completed restoreRoute (cpu=0:00:00.2 real=0:00:00.0 mem=1043.6M) ***
% End Load routing data ... (date=08/16 19:16:02, total cpu=0:00:00.2, real=0:00:00.0, peak res=834.5M, current mem=834.5M)
Loading Drc markers ...
... 4 markers are loaded ...
... 4 geometry drc markers are loaded ...
... 0 antenna drc markers are loaded ...
TAT_INFO: restoreCongMap REAL = 0 : CPU = 0 : MEM = 0.
Reading property file /home/host/aes_baseline/outputs/aes_routed_raw.enc.dat/aes_cipher_top.prop
Extracting macro/IO cell pins and blockage ...... 
Pin and blockage extraction finished
*** Completed restoreProperty (cpu=0:00:00.0 real=0:00:00.0 mem=1048.6M) ***
Set Default Input Pin Transition as 0.1 ps.
Updating RC grid for preRoute extraction ...
Initializing multi-corner capacitance tables ... 
Initializing multi-corner resistance tables ...
Start generating vias ...
#Skip building auto via since it is not turned on.
Via generation completed.
% Begin Load power constraints ... (date=08/16 19:16:03, mem=838.2M)
source /home/host/aes_baseline/outputs/aes_routed_raw.enc.dat/aes_cipher_top_power_constraints.tcl
'set_default_switching_activity' finished successfully.
% End Load power constraints ... (date=08/16 19:16:03, total cpu=0:00:00.0, real=0:00:00.0, peak res=838.2M, current mem=838.2M)
% Begin load AAE data ... (date=08/16 19:16:03, mem=838.2M)
AAE DB initialization (MEM=1064.69 CPU=0:00:00.2 REAL=0:00:00.0) 
% End load AAE data ... (date=08/16 19:16:03, total cpu=0:00:00.2, real=0:00:00.0, peak res=839.3M, current mem=839.3M)
Restoring CCOpt config...
  Extracting original clock gating for aes_clk...
    clock_tree aes_clk contains 562 sinks and 0 clock gates.
    Extraction for aes_clk complete.
  Extracting original clock gating for aes_clk done.
  The skew group aes_clk/FUNC was created. It contains 562 sinks and 1 sources.
  The skew group aes_clk/FUNC was created. It contains 562 sinks and 1 sources.
Restoring CCOpt config done.
Total number of combinational cells: 100
Total number of sequential cells: 29
Total number of tristate cells: 6
Total number of level shifter cells: 0
Total number of power gating cells: 0
Total number of isolation cells: 0
Total number of power switch cells: 0
Total number of pulse generator cells: 0
Total number of always on buffers: 0
Total number of retention cells: 0
List of usable buffers: BUF_X1 BUF_X2 BUF_X4 BUF_X8 BUF_X16 BUF_X32 CLKBUF_X1 CLKBUF_X2 CLKBUF_X3
Total number of usable buffers: 9
List of unusable buffers:
Total number of unusable buffers: 0
List of usable inverters: INV_X1 INV_X2 INV_X4 INV_X8 INV_X16 INV_X32
Total number of usable inverters: 6
List of unusable inverters:
Total number of unusable inverters: 0
List of identified usable delay cells:
Total number of identified usable delay cells: 0
List of identified unusable delay cells:
Total number of identified unusable delay cells: 0
No delay cells were detected in the set of buffers. Buffers will be used to fix hold violations.
**WARN: (IMPCTE-107):	The following globals have been obsoleted since version 19.10-p002_1. They will be removed in the next release. 
timing_enable_default_delay_arc
#% End load design ... (date=08/16 19:16:03, total cpu=0:00:03.2, real=0:00:04.0, peak res=922.5M, current mem=840.0M)

*** Summary of all messages that are not suppressed in this session:
Severity  ID               Count  Summary                                  
WARNING   IMPTS-124            2  Timing library description of pin '%s' i...
WARNING   IMPCK-8086           1  The command %s is obsolete and will be r...
WARNING   IMPVL-159            2  Pin '%s' of cell '%s' is defined in LEF ...
ERROR     IMPOAX-820           2  The OA features are disabled in the curr...
ERROR     IMPOAX-850           2  %s command cannot be run as OA features ...
WARNING   IMPCTE-107           1  The following globals have been obsolete...
*** Message Summary: 6 warning(s), 4 error(s)

DATASET_STAGE aes_routed_raw STATUS available

*** Memory Usage v#1 (Current mem = 1126.094M, initial mem = 270.344M) ***
*** Message Summary: 105 warning(s), 42 error(s)

--- Ending "Innovus" (totcpu=0:01:26, real=0:01:25, mem=1126.1M) ---

